date,label,prob,signal_binary,bet_size,ret,pnl_sized_net
2022-02-22 09:36:00,1.0,0.4246324430806362,-1,-0.15073511383872762,0.0078234265734267,-0.0012094121179221458
2022-02-23 14:12:00,-1.0,0.1519239509249186,-1,-0.6961520981501628,-0.0053775098659959,0.003604334356406214
2022-02-24 11:25:00,-1.0,0.013709644257259278,-1,-0.9725807114854814,-0.0091803566722306,0.008734121681671427
2022-02-24 14:11:00,1.0,0.1292711432382849,-1,-0.7414577135234302,0.0059489456159822,-0.004559183157006081
2022-02-25 09:32:00,-1.0,0.3358401042529358,-1,-0.3283197914941284,-0.0101969670559526,0.003282202139384028
2022-02-28 09:51:00,1.0,0.07512174384350358,-1,-0.8497565123129929,0.0152328960112706,-0.013114203889426404
2022-03-01 09:36:00,-1.0,0.9057664283414809,1,0.8115328566829618,-0.0057241977450129,-0.0048076811195650795
2022-03-02 10:21:00,1.0,0.028177330000707906,-1,-0.9436453399985842,0.0053548698591054,-0.0052418270568434025
2022-03-04 09:33:00,-1.0,0.08130950714835487,-1,-0.8373809857032902,-0.0181051697359663,0.014993448682688182
2022-03-07 09:33:00,-1.0,0.6018636566044712,1,0.20372731320894233,-0.0084512134496316,-0.0017624884720905114
2022-03-07 14:32:00,-1.0,0.7034148360873481,1,0.40682967217469623,-0.0084578257871753,-0.0035222604267421583
2022-03-08 10:31:00,-1.0,0.7419012269051031,1,0.48380245381020615,-0.0089935561633675,-0.0044478650310791415
2022-03-08 14:50:00,1.0,0.8724999768188795,1,0.744999953637759,0.0113442994895065,0.008302502603007642
2022-03-09 11:17:00,-1.0,0.10912465587329222,-1,-0.7817506882534155,-0.0087274107100507,0.006666309191601682
2022-03-09 13:49:00,1.0,0.14971015574847707,-1,-0.7005796885030459,0.0172447676132454,-0.012221449860495486
2022-03-09 14:11:00,1.0,0.9625645518300623,1,0.9251291036601246,0.0148273363921758,0.01353217460542872
2022-03-10 09:36:00,-1.0,0.13487356984584853,-1,-0.7302528603083029,-0.0233590282644241,0.016911946632056533
2022-03-11 09:31:00,1.0,0.765191558943947,1,0.5303831178878939,0.0166467352308061,0.00872307071079161
2022-03-11 13:55:00,1.0,0.3615938353778935,-1,-0.27681232924421295,0.0137392368136262,-0.0038585526102665494
2022-03-14 11:11:00,-1.0,0.5638282040343929,1,0.12765640806878586,-0.0339925834363411,-0.004364902384075568
2022-03-15 09:37:00,1.0,0.8798981337993134,1,0.7597962675986267,0.0196860081696934,0.014805396277729392
2022-03-15 13:58:00,-1.0,0.5900674622689013,1,0.18013492453780255,-0.0138489030080412,-0.002530698083192409
2022-03-16 13:50:00,1.0,0.2094526623029337,-1,-0.5810946753941326,0.0208071835473593,-0.012207162504397715
2022-03-17 13:02:00,-1.0,0.1300946140121946,-1,-0.7398107719756108,-0.0180226570545829,0.013185393674207544
2022-03-18 11:27:00,1.0,0.9705121767759742,1,0.9410243535519485,0.0134138162307175,0.012434522876465178
2022-03-25 13:15:00,-1.0,0.2681241864531159,-1,-0.46375162709376816,-0.0210879463215911,0.009686819093285162
2022-03-28 09:32:00,1.0,0.01564105144353576,-1,-0.9687178971129284,0.0099388004895961,-0.009821637489529063
2022-03-30 09:46:00,1.0,0.5750621048498107,1,0.15012420969962137,0.0133524766690595,0.0019745051655352657
2022-04-01 10:43:00,-1.0,0.7930529816480827,1,0.5861059632961654,-0.0093265220040303,-0.005583551356034295
2022-04-08 09:42:00,-1.0,0.9339518727797287,1,0.8679037455594574,-0.0105077136170416,-0.009293264754608411
2022-04-11 10:07:00,-1.0,0.8684613439444004,1,0.7369226878888009,-0.009074672973886,-0.00683471693720569
2022-04-13 13:40:00,-1.0,0.4807173102048336,-1,-0.03856537959033279,-0.0114821548177207,0.0004351005831423007
2022-04-18 09:35:00,-1.0,0.19578031317865113,-1,-0.6084393736426977,-0.0127286806698285,0.007622942619319828
2022-04-20 10:25:00,-1.0,0.8480596962136178,1,0.6961193924272355,-0.009020050002451,-0.006418255605854921
2022-04-22 09:47:00,1.0,0.024700687514866225,-1,-0.9505986249702676,0.0197014319081954,-0.018918273806869956
2022-04-22 13:44:00,-1.0,0.9160489442977511,1,0.8320978885955022,-0.0245493476745344,-0.020593879944096075
2022-04-25 10:07:00,-1.0,0.0518337810721876,-1,-0.8963324378556248,-0.0099035172801061,0.008697577299451682
2022-04-26 09:51:00,-1.0,0.023737628668846697,-1,-0.9525247426623066,-0.0093825348569032,0.00874659165155938
2022-04-27 14:14:00,1.0,0.17290762872158716,-1,-0.6541847425568257,0.0333869044533152,-0.021972040443072705
2022-04-29 13:10:00,-1.0,0.25479854277174047,-1,-0.49040291445651907,-0.0159534440375257,0.007725534868730275
2022-05-06 11:05:00,-1.0,0.12095966138330141,-1,-0.7580806772333972,-0.0141789516789515,0.010597173155792488
2022-05-10 10:08:00,1.0,0.15830672483095456,-1,-0.6833865503380909,0.0133716375032644,-0.009274674535794919
2022-05-11 09:58:00,1.0,0.18408411287512577,-1,-0.6318317742497485,0.0122658794788275,-0.00787633874869111
2022-05-18 14:05:00,-1.0,0.12364372686030047,-1,-0.7527125462793991,-0.0135358700556474,0.010038076706437546
2022-05-20 09:32:00,1.0,0.5778719608452614,1,0.15574392169052276,0.0138458462461261,0.0021252576091575774
2022-05-24 10:58:00,-1.0,0.6260220521366611,1,0.25204410427332213,-0.0103325475247029,-0.0026546665065799386
2022-05-26 09:57:00,1.0,0.9592403433172495,1,0.918480686634499,0.01069984129422,0.009643901441468452
2022-05-26 11:29:00,1.0,0.8696529297693296,1,0.7393058595386592,0.0091876694447232,0.006644636684080429
2022-05-27 09:46:00,-1.0,0.5708122360909005,1,0.14162447218180096,-0.0072808320950965,-0.001059468896948718
2022-05-27 14:25:00,1.0,0.8950374886449599,1,0.7900749772899198,0.0066968781470291,0.005133020854469392
2022-05-31 09:42:00,1.0,0.6202577218054428,1,0.24051544361088562,0.0075505439372112,0.0017679193358396577
2022-05-31 13:59:00,1.0,0.0432394024871513,-1,-0.9135211950256974,0.0159980310115677,-0.014797244646750632
2022-06-06 10:40:00,1.0,0.9956188981941563,1,0.9912377963883126,0.0070736434108527,0.006813415147732675
2022-06-08 09:59:00,1.0,0.038874639431726775,-1,-0.9222507211365465,0.0060295736230082,-0.005745228766192521
2022-06-10 09:58:00,1.0,0.7919955247395714,1,0.5839910494791427,0.0094430526112929,0.005397859994859871
2022-06-10 14:09:00,-1.0,0.9932617995638108,1,0.9865235991276216,-0.0074792899408284,-0.0075758007511705725
2022-06-13 10:18:00,-1.0,0.5912094275679948,1,0.18241885513598954,-0.0072982186584721,-0.001367816463237796
2022-06-14 10:43:00,1.0,0.41113526003317835,-1,-0.1777294799336433,0.0211366384522369,-0.00379214965564824
2022-06-14 14:50:00,1.0,0.4081414249034957,-1,-0.1837171501930086,0.0108469117089806,-0.002029507137607694
2022-06-15 11:09:00,1.0,0.960697684406327,1,0.9213953688126539,0.0164149090398915,0.014940342095074466
2022-06-15 13:23:00,-1.0,0.9232599176848537,1,0.8465198353697074,-0.0115947363577805,-0.00998447827981745
2022-06-16 10:29:00,-1.0,0.04412630280030455,-1,-0.9117473943993909,-0.0184467379629197,0.016636415793980487
2022-06-17 09:31:00,1.0,0.3175173951052005,-1,-0.364965209789599,0.0127985536207058,-0.004744019849142245
2022-06-20 09:32:00,1.0,0.5975209814709302,1,0.1950419629418605,0.0080347549866868,0.0015281059917719236
2022-06-22 11:22:00,1.0,0.11120051306267237,-1,-0.7775989738746553,0.0123340551737125,-0.009746468441567154
2022-06-23 13:36:00,1.0,0.127367835676624,-1,-0.745264328646752,0.0110212053571427,-0.008362764077098291
2022-06-24 14:25:00,1.0,0.2353995121509109,-1,-0.5292009756981781,0.0090069495245064,-0.004872326671572664
2022-06-28 14:29:00,-1.0,0.8523606080849091,1,0.7047212161698182,-0.0077439570277529,-0.005598275057798798
2022-06-29 14:59:00,1.0,0.6715635822945192,1,0.34312716458903836,0.0130476147329314,0.004408365615043107
2022-06-30 11:01:00,-1.0,0.8181074153799204,1,0.6362148307598408,-0.0086758195071776,-0.005646928005613889
2022-07-04 09:48:00,1.0,0.28716178130669734,-1,-0.4256764373866053,0.00881156800723,-0.003836012164584777
2022-07-05 09:32:00,-1.0,0.7484243792792974,1,0.4968487585585948,-0.0094477711244178,-0.004793483106024442
2022-07-05 11:04:00,-1.0,0.18020108015402367,-1,-0.6395978396919526,-0.0126234164374915,0.007945990315013057
2022-07-06 14:24:00,1.0,0.5801131395980863,1,0.1602262791961726,0.0083101228254418,0.0012994548041444902
2022-07-07 13:14:00,-1.0,0.16226028925752614,-1,-0.6754794214849478,-0.0127678772840064,0.00848934247709446
2022-07-11 09:33:00,-1.0,0.01498619604466477,-1,-0.9700276079106704,-0.0076775431861803,0.007253423329939209
2022-07-11 11:16:00,-1.0,0.12782494168286204,-1,-0.7443501166342759,-0.0058736472111736,0.0042231799633788035
2022-07-13 10:08:00,1.0,0.9452097928384939,1,0.8904195856769879,0.0081190798376185,0.007051303787955253
2022-07-14 11:07:00,-1.0,0.005274625837649594,-1,-0.9894507483247008,-0.0056278254451519,0.0053705659484814
2022-07-15 13:40:00,-1.0,0.2783863607351786,-1,-0.44322727852964283,-0.0070313598649979,0.0030278450416196473
2022-07-18 09:38:00,1.0,0.019625058184339007,-1,-0.960749883631322,0.0136406844106462,-0.01329743593690619
2022-07-18 11:18:00,-1.0,0.46867618356902413,-1,-0.06264763286195174,-0.0072208937028178,0.00043984237105691845
2022-07-21 14:50:00,1.0,0.8006205229340377,1,0.6012410458680755,0.0093129335740758,0.005479069713003633
2022-07-29 10:41:00,-1.0,0.0391151909769885,-1,-0.921769618046023,-0.0176944722659416,0.016125873018493733
2022-08-01 09:46:00,1.0,0.026218369372860605,-1,-0.9475632612542788,0.0102932608273451,-0.009943028450750895
2022-08-02 09:33:00,-1.0,0.09702443294735702,-1,-0.805951134105286,-0.0064792712037802,0.005060785748041316
2022-08-04 13:14:00,1.0,0.8542408919436629,1,0.7084817838873259,0.0103067363645328,0.007160438608823105
2022-08-05 14:34:00,-1.0,0.021915282449860435,-1,-0.9561694351002792,-0.0086385792191496,0.008068711525023229
2022-08-10 14:19:00,1.0,0.12231440828694802,-1,-0.755371183426104,0.0083227259375306,-0.006437821577448841
2022-08-11 11:05:00,1.0,0.03831395949770853,-1,-0.9233720810045829,0.0076387545929219,-0.007238087140950527
2022-08-12 14:57:00,-1.0,0.012326443919352885,-1,-0.9753471121612942,-0.0104549577505129,0.010002143427298838
2022-08-17 10:13:00,1.0,0.8153685742382967,1,0.6307371484765933,0.0111443458124276,0.006903005469672331
2022-08-17 13:36:00,-1.0,0.17330155649148749,-1,-0.653396887017025,-0.006764481707317,0.004289211912441133
2022-08-19 10:34:00,-1.0,0.004115157510722064,-1,-0.9917696849785559,-0.0069698134974043,0.006714095799684239
2022-08-22 10:25:00,-1.0,0.023978541864831584,-1,-0.9520429162703369,-0.0071363571052254,0.006603709646751262
2022-08-24 10:39:00,-1.0,0.021497912734240204,-1,-0.9570041745315196,-0.0091297591297589,0.008545816764740217
2022-08-24 14:53:00,1.0,0.10630701007779347,-1,-0.787385979844413,0.0057965319054871,-0.004721585150070245
2022-08-25 14:45:00,-1.0,0.8668995970501842,1,0.7337991941003683,-0.0088908322401982,-0.006670845371559085
2022-08-29 09:38:00,-1.0,0.16634849773245353,-1,-0.667303004535093,-0.0050980392156863,0.003268476284958178
2022-08-31 13:31:00,-1.0,0.004485102528355107,-1,-0.9910297949432898,-0.0079573022804464,0.00768771768830391
2022-09-01 09:31:00,1.0,0.04020398403882967,-1,-0.9195920319223406,0.0050095771327538,-0.004790685620965228
2022-09-01 14:48:00,-1.0,0.13951111145306294,-1,-0.7209777770938741,-0.0051441855863877,0.003564647933613376
2022-09-05 09:36:00,1.0,0.32469010912542867,-1,-0.35061978174914266,0.0088035214085633,-0.0031568127112441974
2022-09-06 09:32:00,1.0,0.26539910224097407,-1,-0.46920179551805186,0.0048095993653312,-0.002350513017039492
2022-09-07 11:01:00,1.0,0.05384632802121427,-1,-0.8923073439575715,0.00740192450037,-0.006783253059891144
2022-09-09 10:36:00,1.0,0.017438889005266456,-1,-0.9651222219894671,0.0054371785451872,-0.005440566283282422
2022-09-13 11:09:00,-1.0,0.5277641995941953,1,0.05552839918839059,-0.0113284275755227,-0.0006401551284280743
2022-09-14 09:33:00,-1.0,0.4077717921232615,-1,-0.18445641575347704,-0.01116443051611,0.002022459553779697
2022-09-15 13:02:00,-1.0,0.17414435301929418,-1,-0.6517112939614116,-0.0094582549272062,0.006033709298434167
2022-09-16 09:48:00,-1.0,0.4980432125105137,-1,-0.0039135749789726,-0.0069989501574764,2.660820121958146e-05
2022-09-16 14:15:00,-1.0,0.7915619732398655,1,0.5831239464797311,-0.0051724137931035,-0.0031327831331566546
2022-09-21 09:34:00,-1.0,0.9809349499840156,1,0.9618698999680313,-0.0063449828583124,-0.006295422007217428
2022-09-22 09:31:00,-1.0,0.8494642850370877,1,0.6989285700741754,-0.007157938101859,-0.005142673156226603
2022-09-23 11:12:00,1.0,0.8942009094520994,1,0.7884018189041988,0.0102974828375286,0.00796087383546148
2022-09-23 13:17:00,-1.0,0.9378042915157216,1,0.8756085830314433,-0.0077730876145372,-0.0069813039485504685
2022-09-26 10:45:00,-1.0,0.243735606028321,-1,-0.512528787943358,-0.007028163956292,0.003499630596396863
2022-09-26 14:49:00,1.0,0.9068773278956918,1,0.8137546557913835,0.0060817132758084,0.004786271562219075
2022-09-27 14:43:00,-1.0,0.8979254285093612,1,0.7958508570187224,-0.0083149412308166,-0.006776623276009446
2022-09-28 13:19:00,1.0,0.361802814165127,-1,-0.276394371669746,0.0090672225117249,-0.0025614081432519292
2022-09-30 10:30:00,-1.0,0.3440632628082553,-1,-0.31187347438348945,-0.0087352233497227,0.0026619097607171035
2022-10-10 10:28:00,-1.0,0.7640299729007749,1,0.5280599458015498,-0.0145311837081034,-0.007778948070493755
2022-10-10 14:46:00,1.0,0.06346016699281852,-1,-0.8730796660143629,0.0058658917231728,-0.005296006719746997
2022-10-12 10:17:00,1.0,0.9412801334437949,1,0.8825602668875898,0.013991724738676,0.012172028266206066
2022-10-12 13:47:00,1.0,0.19417079679434462,-1,-0.6116584064113108,0.0110604026845637,-0.006887519961589878
2022-10-13 11:25:00,1.0,0.8151784479654007,1,0.6303568959308015,0.0147058823529411,0.009143882972737343
2022-10-14 10:06:00,1.0,0.9960733680147442,1,0.9921467360294884,0.0082143044001465,0.007951365952152118
2022-10-19 13:36:00,-1.0,0.8275204962344561,1,0.6550409924689122,-0.0107407407407407,-0.00716663367315985
2022-10-20 13:08:00,-1.0,0.9318521565047054,1,0.8637043130094109,-0.0080862533692722,-0.007156872773729161
2022-10-21 14:23:00,-1.0,0.05184724679657227,-1,-0.8963055064068555,-0.0156888029228454,0.013882699347396929
2022-10-24 10:15:00,-1.0,0.059605108008999395,-1,-0.8807897839820013,-0.0076419213973799,0.006554768340009275
2022-10-26 10:32:00,-1.0,0.9659878159825682,1,0.9319756319651364,-0.0135391280801516,-0.01280453257514924
2022-10-26 14:33:00,-1.0,0.2386595158338062,-1,-0.5226809683323876,-0.0075212736755421,0.0038266904141587635
2022-10-28 09:44:00,-1.0,0.5595848067665914,1,0.11916961353318278,-0.0132758048456688,-0.0016059064555069428
2022-10-28 13:30:00,-1.0,0.9304923783612681,1,0.8609847567225362,-0.016874089023433,-0.014700530384099388
2022-10-31 09:35:00,1.0,0.3192982227566235,-1,-0.361403554486753,0.0083252551747732,-0.0030810575230696188
2022-11-01 10:18:00,1.0,0.942040785335327,1,0.884081570670654,0.0202014549524343,0.017682917710046445
2022-11-01 14:51:00,1.0,0.6350869200777812,1,0.27017384015556245,0.0144808293565905,0.0038583065078763457
2022-11-04 10:28:00,1.0,0.9798475617044811,1,0.9596951234089621,0.0166353635631875,0.015772938263044385
2022-11-04 13:07:00,-1.0,0.2100425185975736,-1,-0.5799149628048528,-0.0124043283188176,0.0070774726030653195
2022-11-08 14:31:00,-1.0,0.9834387013664265,1,0.966877402732853,-0.0145376803848209,-0.014249530132782545
2022-11-10 11:30:00,1.0,0.9207093212440235,1,0.841418642488047,0.0302338227297442,0.025271018349988017
2022-11-11 09:35:00,1.0,0.611525294616798,1,0.2230505892335961,0.0094479045708857,0.002062750563712122
2022-11-14 09:33:00,-1.0,0.6232747993280578,1,0.2465495986561157,-0.0095833333333333,-0.0024120769068523237
2022-11-15 10:42:00,-1.0,0.8815352133881473,1,0.7630704267762947,-0.0091724102192051,-0.00715180906589134
2022-11-21 09:34:00,1.0,0.04021142135378325,-1,-0.9195771572924335,0.0140500266098988,-0.013103998961272272
2022-11-22 13:01:00,-1.0,0.021797719081422286,-1,-0.9564045618371554,-0.0108638606066967,0.010198964931040258
2022-11-24 11:13:00,1.0,0.015039726443137506,-1,-0.969920547113725,0.0071724577621932,-0.007150698266279257
2022-11-28 09:33:00,-1.0,0.1534281382303798,-1,-0.6931437235392404,-0.0094919641894078,0.006440666657239402
2022-11-28 11:02:00,1.0,0.44513727055987745,-1,-0.1097254588802451,0.016704264690085,-0.0018548282001527006
2022-11-29 09:35:00,1.0,0.4931817453129298,-1,-0.013636509374140404,0.0072375719795021,-0.00010142252001932439
2022-11-29 11:09:00,1.0,0.9696982772394405,1,0.9393965544788809,0.0309063428362954,0.028845432661063167
2022-12-01 09:31:00,-1.0,0.7955119582981506,1,0.5910239165963012,-0.0096056622851364,-0.005795380928581952
2022-12-02 13:14:00,1.0,0.31210380854115755,-1,-0.3757923829176849,0.0110431968770865,-0.00422510774605301
2022-12-05 14:37:00,1.0,0.015734582436009732,-1,-0.9685308351279805,0.0088244243838118,-0.008740433285002553
2022-12-07 13:27:00,-1.0,0.14556673869585318,-1,-0.7088665226082936,-0.0093514027104065,0.006487123016313968
2022-12-13 14:44:00,-1.0,0.025136053800212096,-1,-0.9497278923995758,-0.0057131300874665,0.005235973418494248
2022-12-19 09:40:00,-1.0,0.04689714640507721,-1,-0.9062057071898456,-0.0069329314242652,0.0061014208827869796
2022-12-19 11:16:00,-1.0,0.010993072315403656,-1,-0.9780138553691927,-0.0065229577536564,0.006183940289990026
2022-12-20 10:25:00,-1.0,0.15666245556685826,-1,-0.6866750888662835,-0.0054749238159185,0.003622158780058711
2022-12-22 10:12:00,-1.0,0.038444278054132024,-1,-0.9231114438917359,-0.0068834437766477,0.006169563434830495
2022-12-22 14:35:00,1.0,0.6595389159896548,1,0.3190778319793095,0.0058309037900874,0.0017966965734251645
2022-12-27 10:13:00,-1.0,0.11661305166914583,-1,-0.7667738966617084,-0.0102355724719679,0.0076950150095618005
2022-12-29 10:01:00,1.0,0.3311796653277993,-1,-0.3376406693444014,0.007743075404043,-0.00268190529607413
2022-12-30 09:52:00,-1.0,0.7585614841652085,1,0.517122968330417,-0.0133134573866557,-0.006988119196193996
2023-01-03 09:41:00,1.0,0.7152319409757644,1,0.43046388195152874,0.0109924459494659,0.004645758179159144
2023-01-03 11:26:00,1.0,0.9912299245934134,1,0.9824598491868268,0.007111202720808,0.006789979182784615
2023-01-05 09:43:00,1.0,0.9728950424171107,1,0.9457900848342213,0.0095397574465925,0.00883344998774377
2023-01-06 13:06:00,1.0,0.5187208242269042,1,0.037441648453808485,0.0086586586586585,0.0003167061238882548
2023-01-11 10:26:00,-1.0,0.8439296120669849,1,0.6878592241339698,-0.005545652604476,-0.003952200142658184
2023-01-13 13:08:00,1.0,0.04003986779080929,-1,-0.9199202644183814,0.011245930748742,-0.010529343640897222
2023-01-16 09:33:00,1.0,0.35858574884946615,-1,-0.2828285023010677,0.0057067603160667,-0.0016706001736445258
2023-01-16 10:30:00,-1.0,0.2954248231714985,-1,-0.40915035365700303,-0.0089032195967082,0.0035609253759477195
2023-01-19 09:40:00,1.0,0.9743041961437056,1,0.9486083922874111,0.0053413615616197,0.004877138725136357
2023-01-20 09:51:00,1.0,0.9152682859293968,1,0.8305365718587936,0.0180553570577868,0.014829527040088965
2023-01-30 09:31:00,-1.0,0.033874236334058914,-1,-0.9322515273318822,-0.007299953205428,0.006618942219745146
2023-01-30 13:08:00,-1.0,0.8218791620812816,1,0.6437583241625633,-0.0089877010406811,-0.005914659024855504
2023-02-01 10:43:00,1.0,0.4016288198661757,-1,-0.19674236026764857,0.0093736480315338,-0.0018835421100956875
2023-02-03 09:42:00,-1.0,0.21888466645661867,-1,-0.5622306670867627,-0.0073306004340486,0.004009042238764304
2023-02-06 09:35:00,1.0,0.2620912967633412,-1,-0.4758174064733176,0.0063204311611955,-0.0031025346442078456
2023-02-09 14:02:00,-1.0,0.0572668608411799,-1,-0.8854662783176402,-0.0073429951690819,0.006324881348407833
2023-02-14 09:31:00,-1.0,0.24902775553518458,-1,-0.5019444889296308,-0.0062207648165113,0.0030220897187892668
2023-02-16 10:23:00,-1.0,0.9759853744502301,1,0.9519707489004603,-0.0112812635015121,-0.010929827013857996
2023-02-16 14:14:00,-1.0,0.42390898854046094,-1,-0.15218202291907812,-0.0077199456205088,0.0011444005367704914
2023-02-17 13:09:00,-1.0,0.2520852826863763,-1,-0.4958294346272474,-0.0081922982585234,0.0039628167268959905
2023-02-20 13:01:00,1.0,0.27546249923238475,-1,-0.4490750015352305,0.005823057349775,-0.0027048044885969896
2023-02-20 14:31:00,-1.0,0.5619738728508032,1,0.1239477457016065,-0.0079710144927536,-0.0010127788264719644
2023-02-22 14:26:00,-1.0,0.47202590244614745,-1,-0.0559481951077051,-0.0082298514730947,0.0004492556969025955
2023-02-24 10:27:00,-1.0,0.015017933256742748,-1,-0.9699641334865146,-0.0050574486889913,0.004711551008572652
2023-03-01 09:34:00,1.0,0.075464756862374,-1,-0.8490704862752521,0.0058852378616969,-0.005166795870331562
2023-03-01 10:23:00,-1.0,0.5939760729832846,1,0.18795214596656917,-0.0017466401436125,-0.0003658751924166398
2023-03-06 10:10:00,1.0,0.24925261538402313,-1,-0.5014947692319538,0.0056654456654456,-0.002941490320435205
2023-03-07 14:04:00,-1.0,0.07359134617552429,-1,-0.8528173076489514,-0.0061861743912018,0.005105113127421819
2023-03-08 09:44:00,-1.0,0.10440916850256307,-1,-0.7911816629948738,-0.0075266154988858,0.005796683834532485
2023-03-10 09:55:00,-1.0,0.3759215293735947,-1,-0.24815694125281063,-0.0050563204005006,0.001205129616331853
2023-03-14 10:44:00,1.0,0.5768200297826126,1,0.1536400595652252,0.0060380396497936,0.0008969567595384352
2023-03-15 09:35:00,-1.0,0.6418705016053678,1,0.2837410032107357,-0.004880964239466,-0.0014416778905839555
2023-03-16 09:49:00,-1.0,0.9392782703575778,1,0.8785565407151557,-0.006538906493637,-0.005920510377252622
2023-03-17 11:17:00,-1.0,0.22871569706084488,-1,-0.5425686058783102,-0.0144053434353504,0.007707373383740673
2023-03-17 14:22:00,1.0,0.010507633755786687,-1,-0.9789847324884267,0.0048551054468215,-0.004948871053557335
2023-03-20 14:45:00,1.0,0.1476367931275616,-1,-0.7047264137448768,0.0067420286916408,-0.004892230983974059
2023-03-21 13:34:00,1.0,0.9440398069678949,1,0.8880796139357898,0.0085255767301906,0.007393774968340464
2023-03-23 10:33:00,-1.0,0.19909523858894204,-1,-0.6018095228221159,-0.0047682908657428,0.002749240946025305
2023-03-30 11:17:00,1.0,0.07986083296392318,-1,-0.8402783340721536,0.0061953534848864,-0.005373876972082885
2023-03-30 14:19:00,1.0,0.013323272571807623,-1,-0.9733534548563848,0.0074715487382484,-0.007467128468473219
2023-04-03 13:02:00,1.0,0.2224466339311914,-1,-0.5551067321376172,0.0048439181916037,-0.00279991294451061
2023-04-07 10:18:00,-1.0,0.47360275018101256,-1,-0.05279449963797489,-0.0048884371521222,0.0002475236935303835
2023-04-11 13:32:00,-1.0,0.5635389323575278,1,0.12707786471505567,-0.0061550486053441,-0.0008075860069275207
2023-04-13 13:42:00,1.0,0.4145758798931515,-1,-0.17084824021369704,0.004128778569673,-0.0007395642009033966
2023-04-14 10:07:00,1.0,0.5529075457537102,1,0.1058150915074203,0.004973911347345,0.0005051518660676233
2023-04-17 10:11:00,1.0,0.6018304950876964,1,0.20366099017539274,0.0054345188995097,0.0010660673021659528
2023-04-18 09:34:00,-1.0,0.48746963882816613,-1,-0.02506072234366774,-0.0036536704966106,8.655147738207532e-05
2023-04-19 14:49:00,-1.0,0.023361009686933852,-1,-0.9532779806261323,-0.0055719753864044,0.005120985848324874
2023-04-21 11:12:00,-1.0,0.8905691228226256,1,0.7811382456452511,-0.0063949231144739,-0.005151546671805458
2023-04-21 14:23:00,-1.0,0.2104991798760786,-1,-0.5790016402478428,-0.0066000098507609,0.0037056162011929127
2023-04-24 09:58:00,-1.0,0.0020637271058352165,-1,-0.9958725457883296,-0.0064204658570575,0.006194791169057237
2023-04-24 14:42:00,-1.0,0.029071375202312764,-1,-0.9418572495953744,-0.0039255158530447,0.0035089041146726466
2023-04-25 13:49:00,1.0,0.03710045392901325,-1,-0.9257990921419735,0.0046206966588808,-0.0044629965902836894
2023-04-27 13:45:00,1.0,0.5736951544639044,1,0.1473903089278088,0.006962183821688,0.000996680362505225
2023-05-05 09:32:00,-1.0,0.9512404139393034,1,0.9024808278786067,-0.0081510934393638,-0.007536701720848644
2023-05-05 10:37:00,1.0,0.799128191333533,1,0.5982563826670659,0.0072158749248347,0.00419729195377618
2023-05-08 10:35:00,1.0,0.9773793024020558,1,0.9547586048041117,0.0080182142150069,0.007464507295979661
2023-05-09 13:18:00,-1.0,0.9768987837847461,1,0.9537975675694923,-0.0109005204753018,-0.010587649428098202
2023-05-09 14:31:00,-1.0,0.3795578299606499,-1,-0.2408843400787002,-0.0067017474185862,0.001566169136284529
2023-05-10 11:24:00,-1.0,0.33910259900750994,-1,-0.3217948019849801,-0.0063665530378985,0.0019843647137604255
2023-05-12 10:16:00,-1.0,0.5286273474555031,1,0.05725469491100621,-0.0079713435245446,-0.0004678477805108272
2023-05-15 09:54:00,1.0,0.8174483654997121,1,0.6348967309994242,0.0083524318818437,0.005175952351478049
2023-05-15 13:36:00,1.0,0.060771361414291444,-1,-0.8784572771714171,0.006515480579827,-0.005899262785052356
2023-05-16 09:37:00,-1.0,0.17772472291208255,-1,-0.644550554175835,-0.0065529488269721,0.004094796687075588
2023-05-16 14:44:00,-1.0,0.42178460733367634,-1,-0.15643078533264732,-0.0086320040383643,0.001319025013649381
2023-05-18 13:57:00,1.0,0.8472534764427372,1,0.6945069528854744,0.0055501807627678,0.003715737738936348
2023-05-19 11:23:00,1.0,0.7671486898456485,1,0.5342973796912971,0.0054672471398198,0.002814276344992198
2023-05-22 10:35:00,-1.0,0.9963653094556136,1,0.9927306189112273,-0.0043802235424428,-0.004546928152041015
2023-05-23 10:21:00,-1.0,0.044228409464283414,-1,-0.9115431810714332,-0.0070626492556271,0.0062556011330518295
2023-05-24 09:31:00,-1.0,0.00909109512298773,-1,-0.9818178097540246,-0.0060290631763371,0.005723078040709128
2023-05-25 09:31:00,-1.0,0.9927989748716055,1,0.985597949743211,-0.0049492055222714,-0.005075046405557111
2023-05-25 13:32:00,1.0,0.948173333881475,1,0.8963466677629499,0.0042408376963349,0.0036219914040807027
2023-05-26 13:37:00,-1.0,0.9705220675444357,1,0.9410441350888714,-0.0037437603993344,-0.0037112525939893824
2023-05-29 11:07:00,-1.0,0.6939960010532287,1,0.38799200210645735,-0.0056633455689564,-0.0022749311863414193
2023-05-30 11:24:00,1.0,0.5009988745395324,1,0.0019977490790648034,0.006012024048096,1.1610965689586274e-05
2023-05-30 14:17:00,-1.0,0.160518301059903,-1,-0.678963397880194,-0.00456070455022,0.0029607587785689944
2023-05-31 13:51:00,1.0,0.5839708609332595,1,0.1679417218665189,0.0123875066172578,0.002046790846561868
2023-06-01 09:59:00,-1.0,0.9732802659740317,1,0.9465605319480634,-0.0072683539008575,-0.00706924904117207
2023-06-02 09:35:00,1.0,0.4903886831920832,-1,-0.01922263361583365,0.006582040432534,-0.00013036867840237107
2023-06-06 09:49:00,1.0,0.9480504844147404,1,0.8961009688294808,0.008635578583765,0.007559130141549035
2023-06-06 10:16:00,-1.0,0.9636121319183525,1,0.927224263836705,-0.0057077625570776,-0.0054778207879083276
2023-06-06 14:37:00,-1.0,0.3068619993448403,-1,-0.38627600131031936,-0.0050560910096382,0.0018757914172020354
2023-06-08 13:34:00,1.0,0.7529451499944688,1,0.5058902999889376,0.0094245772029948,0.004666624128494155
2023-06-12 13:25:00,1.0,0.7207172150868795,1,0.44143443017375894,0.0061725193215413,0.002636475663406349
2023-06-14 09:37:00,-1.0,0.9409287067259655,1,0.881857413451931,-0.0047427569852562,-0.004358806890339497
2023-06-15 13:31:00,1.0,0.9796709269248443,1,0.9593418538496885,0.0055223193741371,0.0051059237351648
2023-06-20 11:01:00,-1.0,0.18121367272423758,-1,-0.6375726545515248,-0.0038451679056652,0.002324059377900984
2023-06-21 13:08:00,-1.0,0.16393188684950785,-1,-0.6721362263009842,-0.0051671575466335,0.003338606528836696
2023-06-26 09:33:00,1.0,0.44223971085694963,-1,-0.11552057828610074,0.0056235875335051,-0.0006727441995702362
2023-06-27 14:15:00,-1.0,0.7508864944633035,1,0.5017729889266069,-0.0096163896728337,-0.004925599186606043
2023-06-28 10:24:00,1.0,0.5109575796962241,1,0.021915159392448258,0.0067018469656991,0.00014248901259860183
2023-06-30 10:50:00,1.0,0.4518092686609637,-1,-0.09638146267807257,0.0108207004704652,-0.0010621912310803587
2023-07-03 09:48:00,-1.0,0.9987804491501152,1,0.9975608983002304,-0.0054817189843305,-0.0056678606938982065
2023-07-05 14:40:00,-1.0,0.9484374614491052,1,0.8968749228982105,-0.005667931984816,-0.005262801046453793
2023-07-06 13:07:00,-1.0,0.9811274330545318,1,0.9622548661090635,-0.0043928459366175,-0.004419488351799428
2023-07-10 09:53:00,1.0,0.21651879168845564,-1,-0.5669624166230887,0.0054750234643863,-0.0032175250177611894
2023-07-11 13:03:00,-1.0,0.14936368404677408,-1,-0.7012726319064518,-0.0085567598402738,0.005860366967398948
2023-07-12 14:49:00,1.0,0.6885054135854053,1,0.3770108271708106,0.0120828538550057,0.004479964561025554
2023-07-13 09:36:00,1.0,0.8791843096022051,1,0.7583686192044101,0.0068220579874926,0.0050219609722662985
2023-07-17 09:49:00,-1.0,0.2571358074419232,-1,-0.48572838511615357,-0.0051861840058085,0.0024219311050333566
2023-07-20 09:46:00,-1.0,0.8532600272974575,1,0.7065200545949151,-0.0050617220184907,-0.003717512127767316
2023-07-20 14:17:00,-1.0,0.01125003110648953,-1,-0.9774999377870209,-0.0085389982297198,0.008151370250757182
2023-07-24 09:36:00,1.0,0.9622755001248964,1,0.9245510002497928,0.0060392815880685,0.00539871363298893
2023-07-25 09:44:00,1.0,0.21163387972378397,-1,-0.576732240552432,0.0066303453947369,-0.003939280403253598
2023-07-27 10:10:00,-1.0,0.9779342515340684,1,0.9558685030681369,-0.0064984515408437,-0.0064028388472207225
2023-07-28 11:07:00,1.0,0.8681887050189768,1,0.7363774100379537,0.008921370967742,0.006422220565206056
2023-07-28 14:37:00,1.0,0.9699136534640094,1,0.9398273069280187,0.0182252763668957,0.016940646944532848
2023-07-31 09:38:00,-1.0,0.9848269349210866,1,0.9696538698421733,-0.007140062597809,-0.007117320102849292
2023-07-31 13:11:00,-1.0,0.23335983752048298,-1,-0.5332803249590341,-0.0079384768047631,0.004126777425132014
2023-08-03 09:37:00,1.0,0.9524653096158425,1,0.904930619231685,0.007176553247014,0.006313296649923202
2023-08-04 09:32:00,-1.0,0.033680759832816244,-1,-0.9326384803343675,-0.0091959675436439,0.00838998549904134
2023-08-07 09:59:00,-1.0,0.5015124650801817,1,0.003024930160363315,-0.0074162560350404,-2.303864258944282e-05
2023-08-11 10:36:00,-1.0,0.5003358668396614,1,0.0006717336793227169,-0.0063265512703715,-4.3841042981349995e-06
2023-08-11 14:55:00,-1.0,0.12917835311154668,-1,-0.7416432937769066,-0.0110962704202198,0.008081145884335691
2023-08-17 09:37:00,1.0,0.2983893157988961,-1,-0.4032213684022078,0.0075275043427909,-0.0031158948754341498
2023-08-17 14:32:00,-1.0,0.4273334881147654,-1,-0.1453330237704692,-0.006395923248921,0.0009004722608154384
2023-08-18 13:51:00,-1.0,0.028576496411374108,-1,-0.9428470071772518,-0.0054068241469815,0.004909238563879754
2023-08-21 09:54:00,1.0,0.18454255367121383,-1,-0.6309148926575723,0.0064371974251209,-0.004187506701017267
2023-08-21 14:44:00,-1.0,0.9589399707849653,1,0.9178799415699306,-0.0072583658002882,-0.0068458843649757024
2023-08-22 13:40:00,1.0,0.2607736414866788,-1,-0.4784527170266424,0.0074189559701092,-0.0036453101848051045
2023-08-22 14:26:00,-1.0,0.31422270945766345,-1,-0.3715545810846731,-0.0092185430463577,0.0033508809835835268
2023-08-23 10:44:00,-1.0,0.009869096961540683,-1,-0.9802618060769186,-0.0087742763897061,0.008405035659575982
2023-08-24 13:21:00,-1.0,0.017385265814433656,-1,-0.9652294683711327,-0.0086845330065534,0.008189521283292867
2023-08-25 11:21:00,1.0,0.643509956363743,1,0.28701991272748595,0.0413930455377329,0.011823224335219451
2023-08-28 09:32:00,-1.0,0.0521592697143575,-1,-0.8956814605712851,-0.0072362640202615,0.006302251234633002
2023-08-28 10:21:00,-1.0,0.9804733232149735,1,0.960946646429947,-0.0098760243748686,-0.009682521832376384
2023-08-30 10:19:00,-1.0,0.9322118679527766,1,0.8644237359055531,-0.00721946115616,-0.006413558331013961
2023-09-04 10:11:00,-1.0,0.4208056107161493,-1,-0.1583887785677014,-0.0061882475299012,0.000948471212022106
2023-09-06 10:01:00,-1.0,0.27176250685839637,-1,-0.45647498628320726,-0.00746190225959,0.003314876734336337
2023-09-07 14:37:00,-1.0,0.003729478845792636,-1,-0.9925410423084148,-0.0066960727002179,0.006447618768785513
2023-09-11 13:32:00,-1.0,0.11173691406896537,-1,-0.7765261718620693,-0.0057507650100243,0.004310314304140091
2023-09-13 10:33:00,-1.0,0.7539696902119822,1,0.5079393804239645,-0.0062570190919301,-0.003279774276940685
2023-09-15 13:33:00,1.0,0.8324690367108899,1,0.6649380734217798,0.0089333763857495,0.0058071544684075395
2023-09-21 09:55:00,-1.0,0.3027333270229041,-1,-0.39453334595419176,-0.0068932091119608,0.002640694186112979
2023-09-22 11:30:00,1.0,0.1400773577034932,-1,-0.7198452845930137,0.004990073509685,-0.00373604994263786
2023-09-26 13:33:00,1.0,0.619466988098333,1,0.238933976196666,0.0058668389041389,0.001354000351831865
2023-09-28 14:20:00,-1.0,0.3616223936435347,-1,-0.2767552127129306,-0.010584296360298,0.0028739081480683836
2023-10-09 09:35:00,1.0,0.022406920964885533,-1,-0.9551861580702289,0.0065495033293307,-0.006447032154025609
2023-10-10 09:37:00,-1.0,0.05538583635871201,-1,-0.889228327282576,-0.007240894844915,0.006260963145516278
2023-10-11 14:30:00,1.0,0.33066987163470696,-1,-0.3386602567305861,0.008512031429039,-0.0029504188004032825
2023-10-12 11:26:00,-1.0,0.9562038627904998,1,0.9124077255809997,-0.0116141520593612,-0.010779323610149837
2023-10-13 09:40:00,-1.0,0.3103208596547574,-1,-0.37935828069048516,-0.0048416929605048,0.0017608646609902287
2023-10-16 13:39:00,-1.0,0.9862785659279656,1,0.9725571318559312,-0.0061106523534268,-0.006137469952988651
2023-10-19 09:52:00,-1.0,0.4512633569456653,-1,-0.09747328610866945,-0.0068247930185723,0.0006457403453100138
2023-10-20 09:35:00,-1.0,0.9853904402981642,1,0.9707808805963285,-0.0050847457627118,-0.005130330145253077
2023-10-23 10:36:00,-1.0,0.9997632483457717,1,0.9995264966915434,-0.010481699982817,-0.010676642162535194
2023-10-23 14:32:00,1.0,0.9966825560919198,1,0.9933651121838396,0.0076406575596204,0.007391289631433853
2023-10-24 10:36:00,1.0,0.8502062441679211,1,0.7004124883358422,0.0155615309800329,0.010759408138372974
2023-10-25 09:58:00,-1.0,0.8340943357074165,1,0.6681886714148331,-0.0072671962142977,-0.004989495917625451
2023-10-26 10:12:00,1.0,0.7045815086814807,1,0.40916301736296146,0.0103216240875914,0.0041413942522925285
2023-10-27 10:07:00,1.0,0.998293159783733,1,0.996586319567466,0.0062087260822938,0.005988214211642216
2023-10-30 14:24:00,-1.0,0.3225442030581687,-1,-0.35491159388366256,-0.007111111111111,0.002452833459951495
2023-11-06 09:33:00,1.0,0.4113710062097629,-1,-0.17725798758047417,0.006239302081608,-0.0011414177284085924
2023-11-10 09:52:00,-1.0,0.4637495364003131,-1,-0.07250092719937384,-0.0050080685548939,0.00034858942826796125
2023-11-15 09:31:00,-1.0,0.007169383353406351,-1,-0.9856612332931873,-0.0051873516914077,0.004915839219019778
2023-11-16 10:22:00,-1.0,0.2101928331297642,-1,-0.5796143337404716,-0.0051204986920465,0.002851991571061394
2023-11-17 10:14:00,1.0,0.6412589663729137,1,0.28251793274582737,0.005063576009902,0.0013740474400697129
2023-11-20 11:22:00,1.0,0.9595829611918192,1,0.9191659223836384,0.0045092690530534,0.003960933263949096
2023-11-21 09:47:00,-1.0,0.8813922656474662,1,0.7627845312949324,-0.0043105830339872,-0.0034406029654468007
2023-11-22 09:31:00,-1.0,0.12153987606339192,-1,-0.7569202478732162,-0.0067031616579152,0.004922374734068769
2023-11-23 09:31:00,1.0,0.578450994337259,1,0.156901988674518,0.0047925124041496,0.0007205743292234639
2023-11-23 14:50:00,-1.0,0.13584802558365214,-1,-0.7283039488326957,-0.0042042715398845,0.00291632677469626
2023-11-24 14:05:00,-1.0,0.3721964057928191,-1,-0.2556071884143618,-0.0072353173930246,0.0017982776984336757
2023-11-27 10:30:00,1.0,0.12372537049172078,-1,-0.7525492590165584,0.0043924700513406,-0.0034560599341921044
2023-11-29 14:21:00,1.0,0.5509914345191941,1,0.10198286903838816,0.0057319729450877,0.0005641664723827854
2023-12-01 09:48:00,-1.0,0.725053264328486,1,0.4501065286569721,-0.0047142692882603,-0.0022119446902244123
2023-12-01 13:55:00,-1.0,0.9862042838761935,1,0.972408567752387,-0.0066960453270761,-0.006705773559657612
2023-12-04 14:33:00,-1.0,0.9972832605183467,1,0.9945665210366934,-0.0068168688619294,-0.006978742852579825
2023-12-05 13:03:00,-1.0,0.9656139140153602,1,0.9312278280307205,-0.0088521344126724,-0.008429599468155061
2023-12-05 14:34:00,-1.0,0.9149916113903372,1,0.8299832227806745,-0.0075210059345438,-0.006408305388661376
2023-12-06 13:39:00,-1.0,0.995883953150862,1,0.991767906301724,-0.0048133364639585,-0.004972066208446209
2023-12-07 09:49:00,1.0,0.9828136250613235,1,0.965627250122647,0.0073057733428369,0.006861528373038405
2023-12-07 14:15:00,-1.0,0.6762373113103863,1,0.35247462262077267,-0.0136074458058434,-0.004866774249771422
2023-12-11 09:33:00,1.0,0.9708182880061538,1,0.9416365760123075,0.0055538966855777,0.005041424943331027
2023-12-11 13:47:00,1.0,0.9325417934144836,1,0.8650835868289672,0.0134983127109111,0.01150415205872822
2023-12-11 14:23:00,-1.0,0.18759567601940183,-1,-0.6248086479611963,-0.0061919504643963,0.0037438224683099142
2023-12-13 13:16:00,-1.0,0.9748564719211966,1,0.9497129438423932,-0.0052541472341933,-0.0051798742259355655
2023-12-14 14:53:00,1.0,0.3434016194197809,-1,-0.31319676116043815,0.0114029850746268,-0.0036340173451660184
2023-12-15 10:31:00,-1.0,0.5476688052767231,1,0.09533761055344625,-0.0087952305058732,-0.0008575837828074185
2023-12-15 13:42:00,-1.0,0.031985410768826064,-1,-0.9360291784623479,-0.0050311451844752,0.004522092858056649
2023-12-20 14:56:00,1.0,0.7836137029009628,1,0.5672274058019255,0.0100967351874243,0.005613699426271319
2023-12-21 11:07:00,-1.0,0.9870806943920843,1,0.9741613887841687,-0.0015562339139283,-0.0017108552686222489
2023-12-25 10:06:00,-1.0,0.972811968747224,1,0.945623937494448,-0.0082836710369488,-0.008022362410367129
2023-12-27 10:29:00,1.0,0.9917325866944062,1,0.9834651733888125,0.0074608904933815,0.0071408329280306165
2023-12-28 09:36:00,1.0,0.25070621259087333,-1,-0.49858757481825333,0.0067281929145579,-0.0034543109031424297
2023-12-28 10:33:00,1.0,0.07355400638237633,-1,-0.8528919872352474,0.0054728417583711,-0.004838321280568223
2023-12-28 13:48:00,-1.0,0.7754794265224552,1,0.5509588530449103,-0.0064057768460283,-0.003639511234558377
2024-01-02 11:10:00,-1.0,0.8015866880767721,1,0.6031733761535443,-0.0047003525264395,-0.0029557621777150634
2024-01-03 11:25:00,-1.0,0.09372198368888274,-1,-0.8125560326222345,-0.0094809196492059,0.007541267249244487
2024-01-04 10:37:00,1.0,0.005064668457054399,-1,-0.9898706630858912,0.0052045944005743,-0.005349849443006777
2024-01-05 10:26:00,-1.0,0.8536109012770767,1,0.7072218025541535,-0.0049249391799679,-0.003624468724837303
2024-01-05 14:27:00,-1.0,0.5963274311218844,1,0.1926548622437687,-0.0091324200913242,-0.0017979361070950433
2024-01-08 10:53:00,-1.0,0.11375206951650886,-1,-0.7724958609669823,-0.0061848168809119,0.004623246269149768
2024-01-11 13:08:00,-1.0,0.45094171922821424,-1,-0.09811656154357151,-0.0053262316910784,0.0005029682272043004
2024-01-15 09:47:00,1.0,0.4432779241870509,-1,-0.11344415162589816,0.0089362223038316,-0.0010364509883237845
2024-01-17 10:10:00,-1.0,0.5248786059866245,1,0.049757211973249005,-0.0133496631965707,-0.000674193463837899
2024-01-17 15:00:00,-1.0,0.5875820854636163,1,0.1751641709272327,-0.0157025819265144,-0.0027855625787602894
2024-01-18 11:08:00,1.0,0.17865812840549636,-1,-0.6426837431890073,0.0110347436786681,-0.007220387121175453
2024-01-18 14:10:00,1.0,0.9892457925859187,1,0.9784915851718374,0.012224023949108,0.011765406254106823
2024-01-19 09:34:00,-1.0,0.7565328737118331,1,0.5130657474236662,-0.025569932224276,-0.013221669537705387
2024-01-22 14:45:00,1.0,0.942695904669365,1,0.8853918093387301,0.0118242175150173,0.010291986977768123
2024-01-23 14:23:00,-1.0,0.9870881987948734,1,0.9741763975897468,-0.0181210959242996,-0.017847979227430373
2024-01-24 13:18:00,1.0,0.4046064397859018,-1,-0.19078712042819646,0.0234945830183925,-0.004520621263825949
2024-01-24 14:37:00,1.0,0.9654823515906396,1,0.9309647031812791,0.0113237737706934,0.010355840746689278
2024-01-25 11:22:00,1.0,0.7763644941613861,1,0.5527289883227722,0.0105454545454546,0.005718232624648345
2024-01-30 10:01:00,-1.0,0.8614100265830412,1,0.7228200531660824,-0.0078440985414879,-0.005814435735431491
2024-01-31 10:14:00,1.0,0.049121158612208574,-1,-0.9017576827755829,0.007356608478803,-0.006814229751487716
2024-02-02 13:07:00,-1.0,0.1531397705665517,-1,-0.6937204588668966,-0.009270353786971,0.0062922899911826155
2024-02-05 10:21:00,1.0,0.26617091534737425,-1,-0.4676581693052515,0.0224820143884891,-0.010607429325076186
2024-02-05 13:33:00,-1.0,0.009225650655740615,-1,-0.9815486986885188,-0.0136951878376679,0.013246184060620054
2024-02-06 10:23:00,1.0,0.14861499572276693,-1,-0.7027700085544661,0.0219347581552304,-0.015555644178102308
2024-02-06 13:17:00,1.0,0.8927634664282528,1,0.7855269328565055,0.0096006848896226,0.007384491168095738
2024-02-07 13:04:00,1.0,0.9508193319271058,1,0.9016386638542115,0.0085552476201953,0.0075334143004439705
2024-02-19 09:31:00,1.0,0.9668261633582386,1,0.9336523267164771,0.014600273013235,0.013444848404159354
2024-02-21 10:30:00,1.0,0.508404291790097,1,0.016808583580194103,0.0116408306522375,0.00019230415824498062
2024-02-21 13:25:00,-1.0,0.08289575443285829,-1,-0.8342084911342834,-0.0101514108740535,0.00830155144990147
2024-02-28 10:14:00,-1.0,0.13410650920668535,-1,-0.7317869815866294,-0.0107741420590583,0.007738019500266499
2024-03-01 09:36:00,1.0,0.2177164313126466,-1,-0.5645671373747068,0.0065340909090909,-0.003801846427366486
2024-03-06 13:01:00,-1.0,0.505635989368617,1,0.011271978737233956,-0.0097451694203304,-0.00011210173824415362
2024-03-07 14:43:00,1.0,0.7669423999437102,1,0.5338847998874203,0.0095794127649926,0.0050075259070995895
2024-03-11 11:16:00,1.0,0.9589754791619985,1,0.9179509583239971,0.0078603110437369,0.007031789863658185
2024-03-15 10:09:00,1.0,0.050762643886438245,-1,-0.8984747122271235,0.0101654712825436,-0.009313113827681874
2024-03-18 10:07:00,1.0,0.8291824054250355,1,0.658364810850071,0.0017266347332069,0.0010050825873649093
2024-03-22 09:47:00,-1.0,0.0533702198737872,-1,-0.8932595602524256,-0.0060163058757379,0.005195470828855236
2024-03-27 14:59:00,1.0,0.3104125445016215,-1,-0.37917491099675704,0.0079310738331621,-0.0030830991969972993
2024-04-01 09:32:00,1.0,0.39973340457163425,-1,-0.2005331908567315,0.0077788348536571,-0.0016000212125227605
2024-04-08 09:43:00,-1.0,0.8297444092296291,1,0.6594888184592582,-0.0060302073940486,-0.004108752113057245
2024-04-10 09:57:00,-1.0,0.06464532936572713,-1,-0.8707093412685457,-0.0090718376141066,0.007724791884820264
2024-04-12 14:41:00,1.0,0.9119800042090426,1,0.8239600084180851,0.0131359105836261,0.010658672993380157
2024-04-15 09:35:00,-1.0,0.9786438986693965,1,0.957287797338793,-0.004833665055445,-0.0048186661334681975
2024-04-15 10:19:00,-1.0,0.05842459767287489,-1,-0.8831508046542502,-0.0084071545449415,0.0072481551402868724
2024-04-16 10:51:00,1.0,0.9932341597985522,1,0.9864683195971045,0.011494252873563,0.011141422653288461
2024-04-17 14:16:00,1.0,0.993243280309718,1,0.986486560619436,0.0077632763276329,0.007461070451460978
2024-04-19 10:21:00,-1.0,0.45393657292706885,-1,-0.0921268541458623,-0.0139327617328519,0.0012651561371823264
2024-04-23 11:10:00,1.0,0.21110487148947324,-1,-0.5777902570210536,0.0050340369544077,-0.0030241755571449175
2024-04-26 09:48:00,1.0,0.3851503101330694,-1,-0.22969937973386123,0.0110119719900609,-0.0025753830117104144
2024-04-26 14:27:00,1.0,0.628785140272658,1,0.25757028054531594,0.0121208735966038,0.0030704627566224903
2024-04-29 10:34:00,1.0,0.14269409495123517,-1,-0.7146118100975296,0.0061258278145694,-0.004520511264934739
2024-05-06 09:49:00,-1.0,0.9250095110744592,1,0.8500190221489183,-0.008447150458011,-0.007350242376693081
2024-05-08 14:51:00,1.0,0.9059906864909664,1,0.8119813729819327,0.0065829507108479,0.005182837081870281
2024-05-09 13:06:00,-1.0,0.8713087964058344,1,0.7426175928116687,-0.0068935332093226,-0.005267782556436781
2024-05-13 09:42:00,1.0,0.826527633720863,1,0.653055267441726,0.0067982092521969,0.004308995307829918
2024-05-15 14:49:00,1.0,0.9504938119084574,1,0.9009876238169148,0.0047629596809926,0.00411117020054991
2024-05-17 14:43:00,1.0,0.1045721761351838,-1,-0.7908556477296325,0.0065516488316226,-0.005339579609975907
2024-05-21 14:46:00,1.0,0.17379860231605077,-1,-0.6524027953678985,0.0049215289549953,-0.0033412998067965656
2024-05-23 09:39:00,-1.0,0.14853917858426546,-1,-0.7029216428314691,-0.0041235979766879,0.002757981935583687
2024-05-24 14:18:00,-1.0,0.9267699881603433,1,0.8535399763206866,-0.005047143649473,-0.0044786468663224254
2024-05-27 14:33:00,-1.0,0.9345323231292584,1,0.8690646462585168,-0.007134166574494,-0.006373864879663666
2024-05-29 10:02:00,-1.0,0.12250169978698575,-1,-0.7549966004260285,-0.0060230977510085,0.004396419005959869
2024-05-30 13:14:00,1.0,0.3915251366827383,-1,-0.2169497266345234,0.0041336163557144,-0.0009401768837111386
2024-05-31 15:00:00,1.0,0.9875973912745598,1,0.9751947825491196,0.0066073128394645,0.006248378051205765
2024-06-04 11:03:00,1.0,0.9456136738655572,1,0.8912273477311143,0.0060076764754963,0.005175960101736954
2024-06-06 10:46:00,-1.0,0.7873149119779812,1,0.5746298239559624,-0.003870611003594,-0.0023390944843884234
2024-06-06 14:09:00,-1.0,0.7956248898235194,1,0.5912497796470388,-0.0093567251461987,-0.005650411636837297
2024-06-07 10:34:00,-1.0,0.5017774704264871,1,0.0035549408529742532,-0.0060718502276944,-2.2296056598166696e-05
2024-06-11 10:43:00,1.0,0.5668928126554409,1,0.13378562531088178,0.0047738122300522,0.0006119103292520922
2024-06-13 14:13:00,1.0,0.990219779632357,1,0.9804395592647139,0.0065523332003873,0.0062280787632903335
2024-06-14 13:43:00,-1.0,0.8792554021094804,1,0.7585108042189608,-0.0041322314049586,-0.003286044327037786
2024-06-20 09:50:00,-1.0,0.9791056447292713,1,0.9582112894585426,-0.0146807784226699,-0.014258929880533382
2024-06-21 09:42:00,-1.0,0.4043768837346325,-1,-0.19124623253073503,-0.0044467544467543,0.0008121757884249058
2024-06-25 11:21:00,-1.0,0.9949202169068799,1,0.9898404338137599,-0.004305579798685,-0.004459805062512874
2024-06-26 14:35:00,-1.0,0.9744672402895664,1,0.9489344805791329,-0.008447118722518,-0.008205549113458714
2024-06-27 09:38:00,1.0,0.041890090794941055,-1,-0.9162198184101179,0.0056015871163497,-0.005315529094232402
2024-06-28 10:42:00,-1.0,0.025265732197282603,-1,-0.9494685356054348,-0.0060188668325713,0.005524830970404506
2024-07-04 14:56:00,-1.0,0.1681522659468677,-1,-0.6636954681062646,-0.0069521528305194,0.004481373233576612
2024-07-05 10:39:00,1.0,0.8183002679657879,1,0.6366005359315758,0.0039595768571598,0.0023933486421438784
2024-07-09 09:33:00,1.0,0.7401566426538514,1,0.4803132853077028,0.0064121593540342,0.0029837826681911434
2024-07-09 13:39:00,1.0,0.3501020351831525,-1,-0.29979592963369495,0.0070526006464883,-0.002174300153075897
2024-07-11 09:31:00,1.0,0.5974713776190835,1,0.19494275523816706,0.0042548231042722,0.0007904583879502002
2024-07-11 10:39:00,1.0,0.9683246860505358,1,0.9366493721010716,0.0039326817419467,0.0034962140098475105
2024-07-16 13:42:00,1.0,0.4650443381109646,-1,-0.06991132377807086,0.0037322002756086,-0.0002749053266282923
2024-07-18 13:41:00,-1.0,0.9314760997337155,1,0.862952199467431,-0.0080286983259311,-0.007100973319116211
2024-07-19 09:31:00,1.0,0.06447145176353913,-1,-0.8710570964729217,0.0064864244302853,-0.005824257450029922
2024-07-19 13:05:00,-1.0,0.6237869307299541,1,0.24757386145990812,-0.0041032655154727,-0.0010653760605528382
2024-07-22 14:11:00,-1.0,0.24500468778308312,-1,-0.5099906244338337,-0.007176896135959,0.003558151616987732
2024-07-23 11:03:00,-1.0,0.48488912292842395,-1,-0.03022175414315209,-0.0082697201017811,0.0002438810969200807
2024-07-23 14:38:00,-1.0,0.23333937267864588,-1,-0.5333212546427082,-0.006589305498863,0.0034075524249491695
2024-07-25 09:43:00,-1.0,0.10289567527762707,-1,-0.7942086494447459,-0.0049025398700531,0.0037347978391549437
2024-07-30 09:42:00,1.0,0.8277469336441551,1,0.6554938672883102,0.0108091967751566,0.006954263422970068
2024-07-31 10:12:00,1.0,0.43884313405942166,-1,-0.12231373188115668,0.0069124423963133,-0.0008699493722828366
2024-07-31 13:23:00,-1.0,0.2115895779944543,-1,-0.5768208440110913,-0.0108271727108679,0.00612997473253446
2024-08-02 09:34:00,-1.0,0.15571930431286302,-1,-0.688561391374274,-0.005472841758371,0.0036306752576403087
2024-08-05 10:09:00,-1.0,0.034970266800810716,-1,-0.9300594663983786,-0.0085576751649135,0.00777313490421043
2024-08-05 14:01:00,1.0,0.6065313870744949,1,0.2130627741489899,0.0058742432416232,0.0012089700062563962
2024-08-06 13:30:00,1.0,0.2772548833513674,-1,-0.4454902332972652,0.0044079463800497,-0.0020527951078696295
2024-08-08 11:18:00,-1.0,0.8627503566337402,1,0.7255007132674804,-0.0099193307439497,-0.00734158167252505
2024-08-12 09:39:00,-1.0,0.005128168380194582,-1,-0.9897436632396108,-0.0059750135795764,0.005715783095508444
2024-08-15 10:18:00,-1.0,0.9127476629370316,1,0.8254953258740632,-0.0065887990416292,-0.005604121877163224
2024-08-16 09:59:00,1.0,0.1396764358509745,-1,-0.720647128298051,0.0056777432464738,-0.004235778791444607
2024-08-19 09:39:00,-1.0,0.7403945083529517,1,0.48078901670590346,-0.0052296903785582,-0.002610535498124502
2024-08-20 09:37:00,-1.0,0.06014662200736002,-1,-0.8797067559852799,-0.0040755169313754,0.0034093184274662795
2024-08-21 09:37:00,1.0,0.3619505433230234,-1,-0.2760989133539532,0.0047890397672163,-0.0013774684584080801
2024-08-23 13:04:00,-1.0,0.7758619520390128,1,0.5517239040780255,-0.0042742760821141,-0.002468565067946923
2024-08-27 10:35:00,-1.0,0.012387526282227354,-1,-0.9752249474355453,-0.0069692745894188,0.0066015654556427225
2024-08-28 10:22:00,1.0,0.2291403083988625,-1,-0.541719383202275,0.0039668009276212,-0.0022572368284376238
2024-08-30 09:52:00,1.0,0.17981904885031552,-1,-0.640361902299369,0.0055605923239649,-0.003688863858945306
2024-08-30 11:11:00,-1.0,0.8854039292343335,1,0.7708078584686671,-0.004612988257848,-0.0037098891718666577
2024-08-30 14:50:00,-1.0,0.5040045581633174,1,0.008009116326634702,-0.0057177249473366,-4.739574749224705e-05
2024-09-02 10:03:00,-1.0,0.6834722311132368,1,0.3669444622264737,-0.0039561777236761,-0.001525086399731976
2024-09-02 14:56:00,1.0,0.4204160912769171,-1,-0.15916781744616582,0.0036207425590673,-0.0006081392541504204
2024-09-06 13:24:00,-1.0,0.024703583805196987,-1,-0.950592832389606,-0.0047475183426844,0.00432283834171605
2024-09-09 09:35:00,-1.0,0.051250241468018036,-1,-0.8974995170639639,-0.0062189054726368,0.005401964754945177
2024-09-09 14:20:00,1.0,0.3410577565602841,-1,-0.3178844868794318,0.0044690627557122,-0.0014842226183074386
2024-09-13 14:34:00,1.0,0.804132829648751,1,0.608265659297502,0.0034790309317478,0.001994521911556478
2024-09-19 10:13:00,1.0,0.8637833635020781,1,0.7275667270041561,0.0069073783359496,0.004880065302665434
2024-09-20 10:05:00,1.0,0.7618090456888956,1,0.5236180913777913,0.0070604551471979,0.0035922584301587086
2024-09-20 14:56:00,1.0,0.9151513471299367,1,0.8303026942598735,0.0071987480438184,0.005811079357228437
2024-09-24 09:31:00,-1.0,0.7969698800068815,1,0.593939760013763,-0.0067754850631351,-0.0041430179243780495
2024-09-24 11:01:00,1.0,0.14172085660941955,-1,-0.7165582867811608,0.0093980343980344,-0.00687755108472218
2024-09-24 11:26:00,1.0,0.6921796725382825,1,0.384359345076565,0.0158218219436498,0.006004393251163949
2024-09-24 13:11:00,1.0,0.531510988439262,1,0.06302197687852407,0.0059905349547715,0.0003649309600338949
2024-09-25 09:33:00,-1.0,0.01188876167979851,-1,-0.976222476640403,-0.0078183818845195,0.007437235631298007
2024-09-25 14:30:00,1.0,0.9586024479550841,1,0.9172048959101682,0.0109142119469545,0.009827127653565882
2024-09-26 13:23:00,1.0,0.18219718853674832,-1,-0.6356056229265034,0.0070722171113155,-0.004622262087094465
2024-09-26 14:23:00,1.0,0.2126592180764842,-1,-0.5746815638470316,0.0075697661281211,-0.0044651413492343296
2024-09-27 09:33:00,1.0,0.05985884157467831,-1,-0.8802823168506434,0.0107698225177206,-0.00965654078133945
2024-09-27 10:55:00,1.0,0.7646834732701886,1,0.5293669465403772,0.0176678445229681,0.009246899517765677
2024-09-27 11:22:00,1.0,0.4169990926629868,-1,-0.16600181467402642,0.0284722222222222,-0.004759640919625832
2024-09-27 13:07:00,-1.0,0.015831626445874363,-1,-0.9683367471082512,-0.0196333039006907,0.018817982284760924
2024-09-27 13:20:00,-1.0,0.13912100467692223,-1,-0.7217579906461555,-0.0162649006622517,0.011594970421916881
2024-09-27 14:42:00,1.0,0.28788365996059584,-1,-0.4242326800788083,0.0442935492295637,-0.018875617635876207
2024-09-30 09:31:00,-1.0,0.029201490698613566,-1,-0.9415970186027729,-0.0300105036762866,0.028069481384638464
2024-09-30 09:48:00,1.0,0.0012682812249021074,-1,-0.9974634375501957,0.0132006394059713,-0.013366647847250746
2024-09-30 13:09:00,1.0,0.2491449267310651,-1,-0.5017101465378698,0.0235264982664684,-0.011903824922100374
2024-09-30 13:53:00,1.0,0.3779911828046773,-1,-0.2440176343906454,0.0887974836680376,-0.02171695543139463
2024-10-08 09:37:00,-1.0,0.0014293827705932252,-1,-0.9971412344588135,-0.0159555555555556,0.015710514116251132
2024-10-08 10:28:00,-1.0,0.017645996279159592,-1,-0.9647080074416808,-0.0180167789850089,0.01718798935365675
2024-10-08 14:10:00,-1.0,0.5817565615235487,1,0.16351312304709742,-0.0249667742547942,-0.004115097855422687
2024-10-09 10:03:00,-1.0,0.9116358051907257,1,0.8232716103814515,-0.020445915684938,-0.016997196253738574
2024-10-09 11:18:00,1.0,0.9191483448070563,1,0.8382966896141126,0.0374993682720978,0.031267936947197254
2024-10-09 13:11:00,-1.0,0.9787799393379081,1,0.9575598786758162,-0.023527692532515,-0.022720686382692135
2024-10-11 09:33:00,-1.0,0.8917287321339469,1,0.7834574642678938,-0.0256681262267854,-0.020266576578999086
2024-10-16 10:12:00,1.0,0.9930102773206069,1,0.9860205546412137,0.0310299869621903,0.030399000844040267
2024-10-30 11:26:00,1.0,0.036529989757746746,-1,-0.9269400204845065,0.0075955863484731,-0.007226040969542395
2024-11-05 10:13:00,1.0,0.10314797538396435,-1,-0.7937040492320713,0.0133572567783093,-0.010760449601423038
2024-11-07 13:49:00,1.0,0.8138366068683791,1,0.6276732137367582,0.0170711541267447,0.010589571530182015
2024-11-11 09:31:00,1.0,0.681356599629515,1,0.36271319925903,0.0107637359949117,0.0038316064788421946
2024-11-12 09:41:00,-1.0,0.959291472582073,1,0.9185829451641461,-0.0144364508393285,-0.013444794118740612
2024-11-12 14:32:00,-1.0,0.9659393880664966,1,0.9318787761329932,-0.0136644137525712,-0.01291995291954749
2024-11-15 11:15:00,-1.0,0.39067401932492146,-1,-0.21865196135015708,-0.0105764933710711,0.002268840627521599
2024-11-18 14:31:00,-1.0,0.3501307863527482,-1,-0.2997384272945036,-0.0103509214844735,0.0030426212413460748
2024-11-21 09:47:00,-1.0,0.3221248361039909,-1,-0.3557503277920182,-0.0163638188936854,0.005750283869799398
2024-11-22 13:23:00,-1.0,0.15554771813141374,-1,-0.6889045637371725,-0.0121453357828128,0.008229196336152688
2024-11-25 13:06:00,-1.0,0.16391862935675766,-1,-0.6721627412864847,-0.010293200249532,0.00678427314807886
2024-11-27 11:01:00,1.0,0.9607510905116792,1,0.9215021810233583,0.0085192069392812,0.007666167338932283
2024-11-29 13:01:00,-1.0,0.8574701451024902,1,0.7149402902049804,-0.0117748130179906,-0.008561276294232577
2024-12-06 10:52:00,1.0,0.9285941282173311,1,0.8571882564346622,0.0301474659016558,0.025670616080876833
2024-12-10 09:31:00,-1.0,0.2334689969077699,-1,-0.5330620061844602,-0.012311901504788,0.006456394514850874
2024-12-10 14:06:00,-1.0,0.0222195126394667,-1,-0.9555609747210666,-0.0107039729164591,0.010037186598495342
2024-12-13 09:50:00,-1.0,0.018979650439094848,-1,-0.9620406991218103,-0.0100649187257813,0.009490453307730481
2024-12-16 14:56:00,1.0,0.0512609177963503,-1,-0.8974781644072994,0.0081787046976435,-0.007519704512151905
2024-12-24 14:09:00,1.0,0.008991686851874191,-1,-0.9820166262962516,0.0111323796091074,-0.011128585191644082
2024-12-31 14:43:00,-1.0,0.16237761096017736,-1,-0.6752447780796453,-0.0098934550989345,0.006545454937105033
2025-01-02 10:34:00,-1.0,0.012145627512571497,-1,-0.975708744974857,-0.0064413068123261,0.006089697636857725
2025-01-02 14:30:00,-1.0,0.17069874276616367,-1,-0.6586025144676726,-0.0138060872293693,0.00896100326132911
2025-01-10 14:33:00,1.0,0.6683418473223822,1,0.33668369464476444,0.0069503849443968,0.002272744543353907
2025-01-14 10:34:00,1.0,0.5269676574784835,1,0.05393531495696702,0.0057874057555484,0.0003013584892178732
2025-01-14 14:27:00,-1.0,0.2559776118035919,-1,-0.4880447763928162,-0.0068568437581784,0.0032488378234420915
2025-01-20 09:36:00,-1.0,0.11662530952291851,-1,-0.766749380954163,-0.0071216925716067,0.005307203494434466
2025-01-22 09:55:00,1.0,0.30029218463552404,-1,-0.3994156307289519,0.0080738786279683,-0.0033047164507647537
2025-01-23 09:35:00,1.0,0.8672981453363303,1,0.7345962906726606,0.0101031251635868,0.007274799011237948
2025-01-23 11:15:00,1.0,0.5589017984313248,1,0.11780359686264963,0.0058792650918635,0.0006690378553580066
2025-01-24 11:01:00,-1.0,0.9514530642647406,1,0.9029061285294813,-0.0061914672216442,-0.005770894924717845
2025-02-05 09:33:00,-1.0,0.3330116029791463,-1,-0.33397679404170744,-0.0059433019512964,0.001918129572907454
2025-02-06 10:56:00,1.0,0.7818969896685637,1,0.5637939793371274,0.0104807592032538,0.005796230141809255
2025-02-07 10:10:00,1.0,0.7205366952649768,1,0.44107339052995354,0.0103204499716187,0.004463861182670632
2025-02-07 13:39:00,-1.0,0.5254808096628606,1,0.050961619325721186,-0.0096467946100449,-0.0005018085984956714
2025-02-11 11:27:00,1.0,0.1853273264157597,-1,-0.6293453471684807,0.0063924115888236,-0.004148903560045704
2025-02-13 09:31:00,1.0,0.9381782392070747,1,0.8763564784141493,0.0067446732410199,0.005735466793871516
2025-02-17 09:35:00,-1.0,0.25732765438693117,-1,-0.48534469122613766,-0.0067656265778046,0.003186592004110696
2025-02-17 13:47:00,1.0,0.04053425997427263,-1,-0.9189314800514548,0.0071424927299628,-0.006747247711611762
2025-02-18 11:01:00,-1.0,0.3899141212502044,-1,-0.22017175749959117,-0.0107135637760259,0.0023147898141516604
2025-02-18 14:19:00,1.0,0.24210291594289776,-1,-0.5157941681142044,0.0074581119738454,-0.003950009494875016
2025-02-21 10:42:00,1.0,0.5360398534336792,1,0.07207970686735843,0.0071219315082331,0.000498930794069374
2025-02-25 09:39:00,1.0,0.043414148616588245,-1,-0.9131717027668235,0.0061518124968222,-0.005800295433378717
2025-02-26 14:50:00,-1.0,0.9851133403171568,1,0.9702266806343136,-0.0053057099545225,-0.005341786693711663
2025-02-27 14:59:00,-1.0,0.9864455572937443,1,0.9728911145874886,-0.0063947633434038,-0.006415986659604835
2025-02-28 13:21:00,-1.0,0.03132849035253766,-1,-0.9373430192949247,-0.007197182379664,0.006558760058311499
2025-03-03 10:31:00,-1.0,0.9016499158726872,1,0.8032998317453743,-0.0062080195399959,-0.005147561018299778
2025-03-03 14:27:00,1.0,0.1982521879980769,-1,-0.6034956240038463,0.0123126062541858,-0.007551303119284288
2025-03-06 09:37:00,1.0,0.8798998151626617,1,0.7597996303253234,0.0055470737913485,0.0040627046899888155
2025-03-10 10:37:00,1.0,0.8251973284205569,1,0.6503946568411139,0.0074603985692385,0.004722124435969589
2025-03-12 13:38:00,-1.0,0.9783609827051712,1,0.9567219654103425,-0.0053256238587948,-0.005286485718304442
2025-03-13 13:49:00,1.0,0.6850067304849444,1,0.37001346096988885,0.0118546648876116,0.004312382891509409
2025-03-14 09:46:00,1.0,0.9935686541359012,1,0.9871373082718025,0.0072526246386366,0.006961908902035127
2025-03-14 10:36:00,1.0,0.3253452749781249,-1,-0.34930945004375025,0.0072838699954789,-0.002614186512319658
2025-03-18 09:50:00,-1.0,0.8958713121901255,1,0.791742624380251,-0.0046798765309169,-0.0038636062512397416
2025-03-20 14:40:00,-1.0,0.34488886905678695,-1,-0.3102222618864261,-0.0135931128228364,0.0041548417536004046
2025-03-21 13:09:00,1.0,0.571989697687655,1,0.1439793953753099,0.0045424386260399,0.0006252216878316162
2025-03-26 09:52:00,-1.0,0.38666588426220994,-1,-0.22666823147558013,-0.0045218981810791,0.0009796370173227264
2025-03-27 09:40:00,1.0,0.01971735521481375,-1,-0.9605652895703725,0.0093788437884378,-0.00920110485739012
2025-03-27 10:46:00,-1.0,0.16640815604099138,-1,-0.6671836879180173,-0.0055851739020056,0.003592900184019956
2025-03-28 13:30:00,-1.0,0.007096751331664178,-1,-0.9858064973366717,-0.0075827441336202,0.00727795713509699
2025-04-03 11:09:00,-1.0,0.9855070845982199,1,0.9710141691964398,-0.0394661976930637,-0.03851643999811198
2025-04-07 09:35:00,-1.0,0.8491186638416984,1,0.6982373276833969,-0.0333871836295099,-0.023451825341880526
2025-04-07 09:49:00,-1.0,0.5558010648319339,1,0.11160212966386784,-0.0095821727019498,-0.00109171130627735
2025-04-07 14:14:00,1.0,0.8484873221205943,1,0.6969746442411886,0.0335404441376137,0.02323744419165653
2025-04-08 09:38:00,1.0,0.9369430231706003,1,0.8738860463412006,0.0133593097689952,0.011499737186606353
2025-04-09 10:19:00,1.0,0.9976901321114607,1,0.9953802642229215,0.0169733589673166,0.016695870480793504
2025-04-10 10:18:00,1.0,0.9603074375230237,1,0.9206148750460474,0.0048161823727725,0.004249726158299722
2025-04-17 11:02:00,-1.0,0.4785808007895122,-1,-0.04283839842097559,-0.0093864347457177,0.0003935321517053484
2025-04-29 09:34:00,1.0,0.42108179969510684,-1,-0.15783640060978632,0.0124798278644433,-0.0020013383904754043
2025-05-07 09:33:00,-1.0,0.17779251131096893,-1,-0.6444149773780621,-0.0069291338582677,0.004336354643049531
2025-05-12 09:42:00,1.0,0.8171286403214824,1,0.6342572806429647,0.0071499399822556,0.004408050033777251
2025-05-14 13:21:00,1.0,0.049779866112398784,-1,-0.9004402677752025,0.0067810541456898,-0.006286022264298112
2025-05-15 10:03:00,-1.0,0.011356325808459385,-1,-0.9772873483830812,-0.0075847479490221,0.007217020741577204
2025-05-19 09:32:00,1.0,0.1716341099444355,-1,-0.656731780111129,0.0085478995100594,-0.005745023617474583
2025-05-20 13:05:00,1.0,0.42536601952509623,-1,-0.14926796094980754,0.0055813953488372,-0.0008629770951656301
2025-05-23 14:16:00,-1.0,0.38055517735304023,-1,-0.23888964529391954,-0.0074328187535736,0.0017278455065164067
2025-05-27 13:02:00,1.0,0.7675816539675182,1,0.5351633079350364,0.0064509361724445,0.0033452716797361735
2025-05-29 10:22:00,-1.0,0.4903610165822492,-1,-0.019277966835501648,-0.0062532569046378,0.00011669448585437887
2025-05-30 09:55:00,-1.0,0.053903514526774006,-1,-0.892192970946452,-0.0051389617199789,0.004406506930338774
2025-06-03 11:20:00,1.0,0.5499821698154884,1,0.09996433963097684,0.0042775169535733,0.00040760628959806734
2025-06-06 09:48:00,-1.0,0.9965213627625119,1,0.9930427255250238,-0.0042434278617263,-0.004412513714482514
2025-06-10 13:34:00,1.0,0.7860144900214521,1,0.5720289800429041,0.0104269850372764,0.005850131819787261
2025-06-11 09:37:00,1.0,0.9342603040250275,1,0.8685206080500549,0.0055724678809143,0.004666099070661078
2025-06-12 09:36:00,1.0,0.4322900235130238,-1,-0.13541995297395237,0.005437315519652,-0.0007634050025706057
2025-06-13 10:29:00,1.0,0.99666054631481,1,0.9933210926296201,0.0045171339563863,0.004288300218586074
2025-06-19 11:21:00,-1.0,0.031637402491006855,-1,-0.9367251950179862,-0.0083272613719163,0.007613010493570443
2025-06-20 10:08:00,1.0,0.1991780290087237,-1,-0.6016439419825526,0.0046709352366955,-0.0029305686769471985
2025-06-23 14:36:00,1.0,0.025753889733255663,-1,-0.9484922205334887,0.0073133782583711,-0.007126380827990441
2025-06-24 10:17:00,-1.0,0.9648037369683355,1,0.9296074739366711,-0.0044748482666392,-0.0043457738881876925
2025-06-25 14:02:00,1.0,0.3544571060311375,-1,-0.291085787937725,0.0062330761763653,-0.0018725770476607003
2025-06-27 14:00:00,1.0,0.6410010066507861,1,0.28200201330157215,0.0073891625615765,0.002027358316316861
2025-07-03 10:03:00,1.0,0.997393591074361,1,0.994787182148722,0.0069088138176276,0.00667384199319817
2025-07-04 13:42:00,-1.0,0.35933436887139125,-1,-0.2813312622572175,-0.0065261044176706,0.0017797309409942296
2025-07-07 10:00:00,1.0,0.018283774974843743,-1,-0.9634324500503125,0.0074554952578993,-0.007375552552666472
2025-07-08 11:02:00,1.0,0.9132275947917724,1,0.8264551895835448,0.0046818364881191,0.003704037024470919
2025-07-10 14:24:00,1.0,0.4942500221843186,-1,-0.011499955631362746,0.0060863058119231,-7.229223792229342e-05
2025-07-11 10:08:00,-1.0,0.04429344330571305,-1,-0.9114131133885739,-0.0039668765805523,0.003433180712031677
2025-07-15 10:17:00,1.0,0.7993477530112293,1,0.5986955060224586,0.0056928838951311,0.003288564903118127
2025-07-17 14:46:00,1.0,0.9246667227101194,1,0.8493334454202388,0.004617905556383,0.00375227494774399
2025-07-21 09:50:00,-1.0,0.8139923978519418,1,0.6279847957038835,-0.0036874969270859,-0.002441288963555514
2025-07-22 13:02:00,1.0,0.13964764595652202,-1,-0.720704708086956,0.0050952917544462,-0.0038163416981234137
2025-07-23 09:35:00,1.0,0.8389559402932967,1,0.6779118805865934,0.0044168325001212,0.002858640850275829
2025-07-23 14:30:00,1.0,0.3823072683713565,-1,-0.23538546325728704,0.0046203978405718,-0.0011346515787874192
2025-07-24 13:18:00,-1.0,0.8730974658350882,1,0.7461949316701764,-0.004936359676717,-0.0038327255580012905
2025-07-28 09:34:00,1.0,0.007044458235592485,-1,-0.9859110835288151,0.0059053196681306,-0.006019302329296426
2025-07-28 10:54:00,-1.0,0.30586453142456055,-1,-0.3882709371508789,-0.0044549900731198,0.0016520889832579116
2025-07-29 10:01:00,1.0,0.011081345496472031,-1,-0.9778373090070559,0.0040495706479313,-0.004155388726808514
2025-07-29 14:27:00,-1.0,0.03741698394767324,-1,-0.9251660321046535,-0.0040108243935441,0.0035256452832228176
2025-07-30 10:53:00,-1.0,0.6075975157696623,1,0.2151950315393245,-0.004076347592557,-0.000920248755053418
2025-07-30 13:53:00,-1.0,0.03333955890000529,-1,-0.9333208821999894,-0.0038212247267098,0.003379764656577206
2025-07-31 09:49:00,-1.0,0.13932054705655772,-1,-0.7213589058868846,-0.0069660950896337,0.0048807829509847885
2025-07-31 10:03:00,-1.0,0.00442184008786405,-1,-0.9911563198242719,-0.0039735099337747,0.003740138218780464
2025-07-31 14:22:00,-1.0,0.13426674129817412,-1,-0.7314665174036518,-0.005037285791891,0.0035383125918806756
2025-08-05 09:37:00,1.0,0.46459155368511945,-1,-0.0708168926297611,0.0045326895600334,-0.00033515436842287657
2025-08-05 14:55:00,1.0,0.013837513023089162,-1,-0.9723249739538217,0.0042626163645271,-0.004339113340404711
2025-08-11 10:41:00,1.0,0.8469165506050361,1,0.6938331012100722,0.0055982864375425,0.0037455098201803856
2025-08-12 13:02:00,-1.0,0.08898186040777896,-1,-0.8220362791844421,-0.0032398452611217,0.0024988630877489414
2025-08-13 09:38:00,1.0,0.02252142275887829,-1,-0.9549571544822434,0.0065063376548266,-0.006404265123850331
2025-08-13 13:01:00,1.0,0.683464920609961,1,0.366929841219922,0.0064642788737789,0.0022985508525130037
2025-08-14 10:10:00,-1.0,0.5770543455001577,1,0.15410869100031532,-0.0034730481944907,-0.0005660486492340334
2025-08-14 13:23:00,1.0,0.04075754056540246,-1,-0.918484918869195,0.0042299557777349,-0.004068847573106962
2025-08-15 13:06:00,1.0,0.9064857722273469,1,0.8129715444546939,0.0038084356850422,0.0029335555319341886
2025-08-18 10:24:00,1.0,0.9843883472298357,1,0.9687766944596714,0.0075621514320824,0.007132280728484324
2025-08-18 13:18:00,-1.0,0.2941245844089494,-1,-0.4117508311821012,-0.0052068674359697,0.00206158182837912
2025-08-19 14:18:00,-1.0,0.6110891883325666,1,0.2221783766651333,-0.0092838196286472,-0.0021070996496777624
2025-08-20 09:32:00,1.0,0.5257586812609973,1,0.05151736252199468,0.0082233696691529,0.00041334284389372647
2025-08-20 09:52:00,1.0,0.9255897704475191,1,0.8511795408950382,0.0058801213960544,0.004834803122121667
2025-08-20 14:05:00,1.0,0.3433079276786292,-1,-0.31338414464274156,0.0058457476899869,-0.0018946414685523756
2025-08-21 09:45:00,1.0,0.5968654517739748,1,0.19373090354794953,0.0066744457409568,0.0012543002233677343
2025-08-22 09:46:00,1.0,0.9932622115547972,1,0.9865244231095944,0.0060738130563797,0.005794660036898588
2025-08-22 13:45:00,1.0,0.7218273990933856,1,0.4436547981867711,0.004364003858698,0.0018473802915795973
2025-08-25 09:31:00,1.0,0.04926282676028658,-1,-0.9014743464794268,0.0066919877012119,-0.006212950108894244
2025-08-25 14:30:00,-1.0,0.9354636397552005,1,0.870927279510401,-0.0093524857922762,-0.008319520463628868
2025-08-27 14:20:00,-1.0,0.9986351374554807,1,0.9972702749109614,-0.0071822206161351,-0.007362069183306418
2025-08-28 09:39:00,1.0,0.9002495965845916,1,0.8004991931691832,0.01203007518797,0.009469965643100759
2025-08-28 10:52:00,-1.0,0.9060501889002908,1,0.8121003778005815,-0.0052681345400514,-0.004440674125840151
2025-08-28 13:36:00,1.0,0.2425002085200289,-1,-0.5149995829599422,0.0121037727231205,-0.00633643782124097
2025-08-28 14:23:00,1.0,0.9622291881923475,1,0.924458376384695,0.0059569475156819,0.0053220583532791925
2025-08-29 09:54:00,1.0,0.0777479339501559,-1,-0.8445041320996882,0.0061215370866845,-0.005338564190926484
2025-09-01 09:31:00,-1.0,0.7361741678155647,1,0.4723483356311293,-0.0060606060606059,-0.0029571868527693583
2025-09-02 11:01:00,1.0,0.4027499523260831,-1,-0.19450009534783375,0.0055428903491128,-0.0011169927204745939
2025-09-03 09:32:00,-1.0,0.15056596961472782,-1,-0.6988680607705444,-0.0102689486552567,0.007036866620697431
2025-09-03 10:07:00,-1.0,0.009192558349543389,-1,-0.9816148833009132,-0.0057941070786921,0.005491258767223158
2025-09-03 13:57:00,-1.0,0.24912733563614622,-1,-0.5017453287277076,-0.0068868651171218,0.0033551033363481185
2025-09-04 10:29:00,-1.0,0.10932963704985037,-1,-0.7813407259002992,-0.012774305397144,0.009824816906696543
2025-09-04 14:30:00,1.0,0.8510053487149494,1,0.7020106974298987,0.0067932898932481,0.004628560036316601
2025-09-05 10:34:00,1.0,0.8427845279161721,1,0.6855690558323442,0.0153117025154938,0.010360115625566345
2025-09-05 14:31:00,-1.0,0.5818368639968317,1,0.1636737279936633,-0.0088420107719927,-0.0014799396116109067
2025-09-09 13:36:00,1.0,0.012414763681698774,-1,-0.9751704726366025,0.0064302857401621,-0.006465658878949601
2025-09-11 10:57:00,1.0,0.5189919898642992,1,0.03798397972859835,0.0078048345375079,0.0002888618809120447
2025-09-11 14:25:00,-1.0,0.09346176545411856,-1,-0.8130764690917629,-0.0101757631822386,0.00811105830471017
2025-09-16 10:46:00,1.0,0.40247722830829635,-1,-0.1950455433834073,0.0127725856697817,-0.002530245021050374
2025-09-17 11:28:00,-1.0,0.8706813690133006,1,0.7413627380266012,-0.0170057564705364,-0.012755706726815775
2025-09-18 14:30:00,1.0,0.011181547751905179,-1,-0.9776369044961897,0.0061689763075547,-0.006226546282127349
2025-09-24 11:20:00,1.0,0.9872470775068695,1,0.9744941550137389,0.0120503200176562,0.011548067592248273
2025-09-25 10:47:00,-1.0,0.9973642210149652,1,0.9947284420299305,-0.0066294487090021,-0.006793446874228978
2025-09-29 13:43:00,1.0,0.9796024205357746,1,0.9592048410715492,0.0066391842048167,0.006176496661811633
2025-10-09 10:57:00,-1.0,0.6755274832754039,1,0.3510549665508078,-0.0128460592699367,-0.004579883900627485
2025-10-10 09:46:00,-1.0,0.00399287049741262,-1,-0.9920142590051748,-0.0091908606768597,0.008919061992173741
2025-10-13 09:36:00,1.0,0.007832046511130876,-1,-0.9843359069777382,0.0141308640891737,-0.014106384100991493
2025-10-14 09:33:00,-1.0,0.08639338393906418,-1,-0.8272132321218717,-0.014323423774287,0.011683083028954834
2025-10-14 13:08:00,-1.0,0.000971435274385517,-1,-0.9980571294512289,-0.0070243217139345,0.0068110629402611585
2025-10-15 14:21:00,-1.0,0.41841139961105767,-1,-0.16317720077788467,-0.0121053777487482,0.0019426862152440456
2025-10-17 10:34:00,1.0,0.02818586974872559,-1,-0.9436282605025488,0.0100057301538327,-0.009630415392219559
2025-10-21 10:40:00,-1.0,0.9812456985253268,1,0.9624913970506537,-0.0071135550318582,-0.007039233800020037
2025-10-23 09:51:00,1.0,0.07220392647380423,-1,-0.8555921470523915,0.0095271700776289,-0.008322490331462288
2025-10-23 14:44:00,1.0,0.9837210080398829,1,0.9674420160797659,0.0080828381684725,0.007626188850137564
2025-10-24 14:54:00,1.0,0.6543776969641448,1,0.30875539392828966,0.011055927445476,0.0033518261548848736
2025-10-27 10:06:00,1.0,0.07908415349528998,-1,-0.8418316930094201,0.0039655466484735,-0.003506689187394162
2025-10-29 14:52:00,-1.0,0.9360485778124531,1,0.8720971556249062,-0.0082501269250295,-0.0073693316559876616
2025-10-31 09:42:00,-1.0,0.7925550419718387,1,0.5851100839436774,-0.0066789399323542,-0.004024937121263281
2025-11-03 09:32:00,-1.0,0.003990274654742959,-1,-0.9920194506905141,-0.0066505441354293,0.006399065249883491
2025-11-04 14:27:00,1.0,0.09256706032719154,-1,-0.8148658793456169,0.0086754589668316,-0.007232308675603172
2025-11-05 13:25:00,1.0,0.00010573277706499389,-1,-0.99978853444587,0.0069067373267885,-0.007105234496641634
2025-11-06 10:32:00,-1.0,0.05581549913987565,-1,-0.8883690017202487,-0.0058793236632047,0.005045335093127346
2025-11-11 13:12:00,1.0,0.7751847476371665,1,0.550369495274333,0.0056570367491473,0.003003386561321686
2025-11-13 10:57:00,1.0,0.9927452799049724,1,0.9854905598099448,0.0048093438680865,0.004542464868917102
2025-11-14 14:54:00,-1.0,0.09134715695478433,-1,-0.8173056860904313,-0.0083300793960693,0.006644760118774099
2025-11-18 13:18:00,1.0,0.18973601032041273,-1,-0.6205279793591745,0.0076926458305859,-0.004897607569051081
2025-11-20 09:50:00,-1.0,0.03560146355271841,-1,-0.9287970728945631,-0.0075030535683128,0.006783054777441123
2025-11-21 09:31:00,-1.0,0.5286020614488892,1,0.05720412289777843,-0.0098373731554924,-0.0005741791275576494
2025-11-21 10:20:00,-1.0,0.8910443784810701,1,0.7820887569621402,-0.0061311255314386,-0.004951502097054084
2025-11-21 15:00:00,1.0,0.8623541039286958,1,0.7247082078573917,0.0097552163309548,0.006924743702895935
2025-11-25 09:53:00,1.0,0.30059089348841933,-1,-0.39881821302316134,0.0065748278021289,-0.0027019247175846797
2025-11-27 10:06:00,-1.0,0.010370853508247173,-1,-0.9792582929835056,-0.0058549040323999,0.005537611669753468
2025-11-28 09:39:00,1.0,0.03228021672349296,-1,-0.9354395665530141,0.0108163446986557,-0.010305124709909082
2025-12-01 09:55:00,-1.0,0.4126542272289539,-1,-0.1746915455420922,-0.0073098771412215,0.0012420354264143759
2025-12-03 14:19:00,1.0,0.004735108815875011,-1,-0.99052978236825,0.0044803264871577,-0.0046360027767366726
2025-12-05 13:41:00,1.0,0.13130442028777348,-1,-0.7373911594244531,0.0072049907740971,-0.00546037473243884
2025-12-08 09:31:00,1.0,0.5139326369657731,1,0.027865273931546142,0.0045246900152273,0.00012050867194333116
2025-12-09 14:03:00,-1.0,0.1345510563599696,-1,-0.7308978872800608,-0.0045009613703899,0.0031435635788911328
2025-12-10 10:01:00,1.0,0.47404648258296134,-1,-0.051907034834077326,0.0049365303244004,-0.00026662205847494607
2025-12-10 15:00:00,-1.0,0.2968455818731318,-1,-0.40630883625373637,-0.0042411787853613,0.0016419666493734377
2025-12-11 14:29:00,1.0,0.26211715874179464,-1,-0.4757656825164107,0.0041811539985034,-0.0020844027223074716
2025-12-12 14:03:00,-1.0,0.09905218833112647,-1,-0.801895623337747,-0.0042393252043179,0.0032391172025803745
2025-12-16 09:40:00,-1.0,0.004988724907541573,-1,-0.9900225501849168,-0.0063604240282686,0.006098958706686918
2025-12-16 11:03:00,1.0,0.010305213958996263,-1,-0.9793895720820075,0.0060633080695495,-0.006134218610053869
2025-12-17 13:54:00,-1.0,0.9062717400892255,1,0.812543480178451,-0.0058198048396272,-0.004891353174385767
2025-12-19 09:55:00,1.0,0.21312938625004935,-1,-0.5737412274999013,0.0110035211267605,-0.006427921963588647
2025-12-22 09:40:00,1.0,0.29727513414612416,-1,-0.40544973170775167,0.0054418807139746,-0.00228749902180814
2025-12-25 14:34:00,1.0,0.06491423342855497,-1,-0.8701715331428901,0.0053083595874154,-0.004793217707283596
2025-12-31 14:30:00,1.0,0.3457206646457944,-1,-0.30855867070841125,0.0125995843436093,-0.003949422730684278
2026-01-05 09:49:00,1.0,0.8905588206750984,1,0.7811176413501968,0.0062427844529013,0.004720125539037903
2026-01-06 09:40:00,1.0,0.09259044001249943,-1,-0.8148191199750011,0.0058161588064231,-0.004902081224279524
2026-01-06 14:52:00,-1.0,0.11144222186436731,-1,-0.7771155562712654,-0.0078973758983785,0.005981750553097439
2026-01-08 09:31:00,1.0,0.007631038665786251,-1,-0.9847379226684275,0.0050120035378846,-0.005132457536836976
2026-01-12 14:06:00,1.0,0.15039458801817035,-1,-0.6992108239636593,0.0075536265754112,-0.0054214196264997915
2026-01-13 14:07:00,1.0,0.32580612035594436,-1,-0.3483877592881113,0.0090467414977382,-0.0032214515511134055
2026-01-14 10:12:00,-1.0,0.9167480379921815,1,0.833496075984363,-0.0080939731031047,-0.006912994035757618
2026-01-14 13:35:00,-1.0,0.04952276189019469,-1,-0.9009544762196107,-0.0046267087276551,0.00398826304310128
2026-01-19 09:31:00,1.0,0.005901773889387605,-1,-0.9881964522212248,0.0061953662055502,-0.006319878194980224
2026-01-20 10:11:00,-1.0,0.24922716940533537,-1,-0.5015456611893292,-0.0046390875042561,0.0022264050773994144
