timestamp,prob_pos,prob_neg,pred_default,pred_high_recall,y_true
2023-01-11 22:56:35.770,0.631,0.369,1,1,1
2023-01-12 12:33:30.572,0.675,0.32499999999999996,1,1,1
2023-01-12 13:31:29.227,0.556,0.44399999999999995,1,1,1
2023-01-12 13:36:14.254,0.705,0.29500000000000004,1,1,1
2023-01-12 14:54:19.692,0.647,0.353,1,1,1
2023-01-12 16:20:41.686,0.669,0.33099999999999996,1,1,1
2023-01-13 10:53:54.017,0.686,0.31399999999999995,1,1,1
2023-01-13 15:23:53.526,0.693,0.30700000000000005,1,1,1
2023-01-14 00:37:19.837,0.718,0.28200000000000003,1,1,-1
2023-01-14 12:34:40.483,0.695,0.30500000000000005,1,1,-1
2023-01-14 16:00:50.991,0.679,0.32099999999999995,1,1,1
2023-01-15 03:22:14.688,0.589,0.41100000000000003,1,1,1
2023-01-17 00:49:31.252,0.674,0.32599999999999996,1,1,1
2023-01-17 14:07:39.105,0.714,0.28600000000000003,1,1,-1
2023-01-18 15:45:10.759,0.686,0.31399999999999995,1,1,-1
2023-01-18 16:44:48.065,0.655,0.345,1,1,1
2023-01-18 22:18:35.567,0.581,0.41900000000000004,1,1,1
2023-01-20 10:32:15.881,0.592,0.40800000000000003,1,1,1
2023-01-20 14:59:28.266,0.68,0.31999999999999995,1,1,1
2023-01-22 15:28:00.435,0.704,0.29600000000000004,1,1,1
2023-01-23 20:58:42.661,0.659,0.34099999999999997,1,1,-1
2023-01-24 14:36:08.429,0.715,0.28500000000000003,1,1,-1
2023-01-25 01:25:36.894,0.705,0.29500000000000004,1,1,1
2023-01-25 19:22:00.293,0.66,0.33999999999999997,1,1,1
2023-01-30 07:50:13.485,0.621,0.379,1,1,-1
2023-01-31 22:13:59.167,0.687,0.31299999999999994,1,1,1
2023-02-01 20:29:38.657,0.658,0.34199999999999997,1,1,1
2023-02-01 22:22:52.179,0.706,0.29400000000000004,1,1,-1
2023-02-02 21:30:59.780,0.604,0.396,1,1,-1
2023-02-03 15:25:39.418,0.666,0.33399999999999996,1,1,-1
2023-02-03 18:08:14.120,0.577,0.42300000000000004,1,1,-1
2023-02-05 17:50:30.287,0.745,0.255,1,1,1
2023-02-06 01:05:11.549,0.695,0.30500000000000005,1,1,1
2023-02-09 21:30:38.448,0.746,0.254,1,1,-1
2023-02-12 16:34:41.138,0.684,0.31599999999999995,1,1,-1
2023-02-12 21:43:01.652,0.604,0.396,1,1,-1
2023-02-13 18:32:55.044,0.656,0.344,1,1,1
2023-02-14 13:30:57.046,0.558,0.44199999999999995,1,1,1
2023-02-14 19:48:55.062,0.585,0.41500000000000004,1,1,1
2023-02-15 22:14:04.810,0.723,0.277,1,1,1
2023-02-16 00:14:16.189,0.735,0.265,1,1,-1
2023-02-19 20:06:59.269,0.578,0.42200000000000004,1,1,1
2023-02-21 15:17:00.118,0.61,0.39,1,1,-1
2023-02-22 15:02:11.174,0.549,0.45099999999999996,1,1,1
2023-02-22 22:38:00.227,0.642,0.358,1,1,-1
2023-02-24 15:17:12.274,0.599,0.401,1,1,-1
2023-02-26 03:46:13.939,0.695,0.30500000000000005,1,1,1
2023-02-28 15:27:02.962,0.614,0.386,1,1,1
2023-02-28 19:26:12.055,0.663,0.33699999999999997,1,1,1
2023-03-01 13:29:56.623,0.655,0.345,1,1,-1
2023-03-01 23:34:32.385,0.685,0.31499999999999995,1,1,-1
2023-03-02 07:21:33.316,0.698,0.30200000000000005,1,1,-1
2023-03-03 01:18:53.281,0.664,0.33599999999999997,1,1,-1
2023-03-06 15:46:21.829,0.592,0.40800000000000003,1,1,-1
2023-03-07 11:57:32.578,0.555,0.44499999999999995,1,1,-1
2023-03-07 15:01:10.899,0.574,0.42600000000000005,1,1,-1
2023-03-10 01:18:26.440,0.669,0.33099999999999996,1,1,1
2023-03-10 07:06:56.178,0.682,0.31799999999999995,1,1,1
2023-03-10 13:43:27.751,0.677,0.32299999999999995,1,1,-1
2023-03-10 23:44:49.074,0.66,0.33999999999999997,1,1,1
2023-03-11 04:16:54.693,0.668,0.33199999999999996,1,1,1
2023-03-12 18:27:14.761,0.708,0.29200000000000004,1,1,1
2023-03-13 15:01:57.081,0.617,0.383,1,1,1
2023-03-14 07:44:47.006,0.641,0.359,1,1,1
2023-03-15 11:23:49.095,0.669,0.33099999999999996,1,1,-1
2023-03-15 12:32:43.258,0.757,0.243,1,1,-1
2023-03-16 10:36:35.803,0.655,0.345,1,1,1
2023-03-16 19:24:31.384,0.662,0.33799999999999997,1,1,1
2023-03-17 01:29:08.429,0.673,0.32699999999999996,1,1,1
2023-03-18 16:31:23.562,0.72,0.28,1,1,1
2023-03-18 16:43:13.810,0.699,0.30100000000000005,1,1,1
2023-03-22 18:37:51.054,0.592,0.40800000000000003,1,1,-1
2023-03-22 19:01:37.667,0.702,0.29800000000000004,1,1,1
2023-03-23 23:28:15.372,0.589,0.41100000000000003,1,1,-1
2023-03-24 21:12:39.468,0.59,0.41000000000000003,1,1,1
2023-03-26 09:15:42.324,0.617,0.383,1,1,-1
2023-03-26 20:37:37.340,0.66,0.33999999999999997,1,1,-1
2023-03-27 15:00:15.025,0.67,0.32999999999999996,1,1,1
2023-03-31 14:45:15.667,0.562,0.43799999999999994,1,1,-1
2023-04-02 15:03:56.722,0.637,0.363,1,1,-1
2023-04-04 09:25:14.961,0.607,0.393,1,1,1
2023-04-05 14:15:15.869,0.69,0.31000000000000005,1,1,-1
2023-04-06 08:19:24.675,0.561,0.43899999999999995,1,1,1
2023-04-07 11:49:33.482,0.632,0.368,1,1,1
2023-04-10 05:32:26.939,0.67,0.32999999999999996,1,1,1
2023-04-10 16:46:19.613,0.708,0.29200000000000004,1,1,1
2023-04-12 18:02:18.591,0.66,0.33999999999999997,1,1,1
2023-04-13 09:00:35.960,0.663,0.33699999999999997,1,1,1
2023-04-13 20:06:48.613,0.57,0.43000000000000005,1,1,-1
2023-04-14 13:01:50.124,0.553,0.44699999999999995,1,1,-1
2023-04-14 15:06:12.882,0.594,0.406,1,1,-1
2023-04-20 06:18:05.279,0.528,0.472,1,1,-1
2023-04-20 11:34:27.553,0.544,0.45599999999999996,1,1,-1
2023-04-21 17:19:11.453,0.546,0.45399999999999996,1,1,-1
2023-04-24 13:37:48.927,0.574,0.42600000000000005,1,1,1
2023-04-25 20:07:56.948,0.653,0.347,1,1,1
2023-04-26 08:26:10.382,0.631,0.369,1,1,1
2023-04-26 09:41:21.162,0.711,0.28900000000000003,1,1,1
2023-04-26 20:01:00.778,0.707,0.29300000000000004,1,1,1
2023-04-26 20:35:03.276,0.685,0.31499999999999995,1,1,1
2023-04-27 18:27:03.690,0.637,0.363,1,1,-1
2023-04-28 19:19:28.533,0.569,0.43100000000000005,1,1,-1
2023-05-01 15:14:34.702,0.575,0.42500000000000004,1,1,1
2023-05-02 14:18:33.477,0.627,0.373,1,1,1
2023-05-02 19:09:20.660,0.622,0.378,1,1,-1
2023-05-06 08:21:59.479,0.599,0.401,1,1,-1
2023-05-07 23:12:40.023,0.499,0.501,-1,1,-1
2023-05-10 00:27:40.778,0.646,0.354,1,1,-1
2023-05-12 06:10:55.766,0.66,0.33999999999999997,1,1,1
2023-05-15 00:16:20.347,0.557,0.44299999999999995,1,1,1
2023-05-19 15:47:31.381,0.634,0.366,1,1,-1
2023-05-22 17:14:18.101,0.724,0.276,1,1,1
2023-05-24 14:07:10.950,0.591,0.40900000000000003,1,1,1
2023-05-24 15:03:16.182,0.661,0.33899999999999997,1,1,1
2023-05-24 21:06:40.108,0.705,0.29500000000000004,1,1,1
2023-05-27 23:43:37.060,0.65,0.35,1,1,1
2023-05-28 17:44:09.494,0.737,0.263,1,1,1
2023-05-28 23:16:10.174,0.73,0.27,1,1,-1
2023-05-30 12:00:51.141,0.687,0.31299999999999994,1,1,-1
2023-05-30 14:46:48.234,0.517,0.483,1,1,-1
2023-05-31 02:09:24.531,0.54,0.45999999999999996,1,1,-1
2023-05-31 06:01:59.363,0.567,0.43300000000000005,1,1,-1
2023-06-01 19:32:11.242,0.684,0.31599999999999995,1,1,1
2023-06-05 04:52:03.697,0.711,0.28900000000000003,1,1,-1
2023-06-05 15:20:38.395,0.708,0.29200000000000004,1,1,-1
2023-06-05 16:06:34.397,0.734,0.266,1,1,1
2023-06-05 22:55:30.618,0.63,0.37,1,1,1
2023-06-06 17:45:53.361,0.695,0.30500000000000005,1,1,-1
2023-06-06 19:51:25.630,0.679,0.32099999999999995,1,1,-1
2023-06-07 17:06:05.643,0.61,0.39,1,1,1
2023-06-08 06:44:50.081,0.657,0.34299999999999997,1,1,-1
2023-06-09 13:06:00.694,0.711,0.28900000000000003,1,1,-1
2023-06-09 19:37:01.617,0.711,0.28900000000000003,1,1,-1
2023-06-10 17:03:21.407,0.676,0.32399999999999995,1,1,1
2023-06-10 17:17:31.191,0.71,0.29000000000000004,1,1,1
2023-06-12 02:22:16.061,0.641,0.359,1,1,1
2023-06-13 12:30:20.066,0.687,0.31299999999999994,1,1,-1
2023-06-14 21:12:24.646,0.664,0.33599999999999997,1,1,1
2023-06-15 07:09:40.288,0.696,0.30400000000000005,1,1,1
2023-06-15 17:58:40.033,0.659,0.34099999999999997,1,1,1
2023-06-16 17:03:55.031,0.615,0.385,1,1,1
2023-06-18 20:01:24.206,0.704,0.29600000000000004,1,1,1
2023-06-19 12:23:07.043,0.709,0.29100000000000004,1,1,1
2023-06-20 16:50:13.165,0.703,0.29700000000000004,1,1,1
2023-06-20 21:43:36.323,0.65,0.35,1,1,1
2023-06-23 15:10:19.367,0.691,0.30900000000000005,1,1,1
2023-06-24 00:57:21.088,0.701,0.29900000000000004,1,1,-1
2023-06-24 16:07:13.248,0.613,0.387,1,1,-1
2023-06-28 02:51:56.855,0.654,0.346,1,1,1
2023-06-30 05:02:29.874,0.557,0.44299999999999995,1,1,-1
2023-07-02 15:24:14.987,0.538,0.46199999999999997,1,1,1
2023-07-06 06:07:14.680,0.568,0.43200000000000005,1,1,1
2023-07-07 12:35:27.943,0.563,0.43700000000000006,1,1,1
2023-07-08 19:27:37.578,0.485,0.515,-1,1,1
2023-07-10 15:06:36.681,0.546,0.45399999999999996,1,1,1
2023-07-12 13:27:22.281,0.65,0.35,1,1,1
2023-07-14 18:21:18.475,0.636,0.364,1,1,-1
2023-07-16 14:17:24.149,0.638,0.362,1,1,-1
2023-07-17 18:33:41.190,0.502,0.498,1,1,1
2023-07-18 18:53:46.555,0.565,0.43500000000000005,1,1,1
2023-07-20 05:42:43.023,0.636,0.364,1,1,-1
2023-07-26 03:10:15.000,0.637,0.363,1,1,1
2023-07-26 18:44:32.124,0.604,0.396,1,1,-1
2023-07-27 09:53:37.518,0.611,0.389,1,1,-1
2023-08-01 23:27:23.845,0.658,0.34199999999999997,1,1,1
2023-08-02 00:28:53.774,0.733,0.267,1,1,-1
2023-08-02 16:51:46.624,0.534,0.46599999999999997,1,1,1
2023-08-03 00:30:33.260,0.543,0.45699999999999996,1,1,1
2023-08-03 13:39:41.752,0.588,0.41200000000000003,1,1,-1
2023-08-03 22:25:23.689,0.604,0.396,1,1,-1
2023-08-04 23:55:33.380,0.66,0.33999999999999997,1,1,-1
2023-08-07 01:30:35.175,0.644,0.356,1,1,-1
2023-08-09 06:19:11.074,0.537,0.46299999999999997,1,1,-1
2023-08-09 11:00:52.950,0.55,0.44999999999999996,1,1,-1
2023-08-11 15:11:42.030,0.503,0.497,1,1,1
2023-08-15 16:40:28.941,0.469,0.531,-1,1,-1
2023-08-17 13:40:37.764,0.542,0.45799999999999996,1,1,-1
2023-08-17 15:16:23.760,0.527,0.473,1,1,-1
2023-08-17 15:36:26.718,0.61,0.39,1,1,-1
2023-08-17 16:04:16.855,0.658,0.34199999999999997,1,1,-1
2023-08-17 20:25:19.502,0.657,0.34299999999999997,1,1,-1
2023-08-18 16:58:56.651,0.583,0.41700000000000004,1,1,1
2023-08-18 18:40:55.264,0.559,0.44099999999999995,1,1,-1
2023-08-22 14:32:38.890,0.603,0.397,1,1,1
2023-08-22 22:37:48.473,0.662,0.33799999999999997,1,1,1
2023-08-23 19:41:05.510,0.716,0.28400000000000003,1,1,-1
2023-08-24 09:10:04.897,0.671,0.32899999999999996,1,1,-1
2023-08-24 15:31:41.982,0.661,0.33899999999999997,1,1,1
2023-08-25 14:16:24.965,0.717,0.28300000000000003,1,1,-1
2023-08-25 14:27:43.392,0.689,0.31100000000000005,1,1,1
2023-08-28 05:32:00.067,0.531,0.469,1,1,1
2023-08-31 11:42:18.020,0.653,0.347,1,1,-1
2023-08-31 13:08:02.561,0.602,0.398,1,1,-1
2023-08-31 15:49:18.224,0.629,0.371,1,1,-1
2023-08-31 16:52:26.412,0.679,0.32099999999999995,1,1,-1
2023-09-01 03:40:26.796,0.683,0.31699999999999995,1,1,-1
2023-09-01 14:31:12.286,0.762,0.238,1,1,1
2023-09-01 20:24:56.501,0.678,0.32199999999999995,1,1,1
2023-09-02 15:10:26.970,0.698,0.30200000000000005,1,1,-1
2023-09-04 15:12:30.640,0.601,0.399,1,1,-1
2023-09-04 21:16:18.714,0.661,0.33899999999999997,1,1,-1
2023-09-08 09:07:49.972,0.71,0.29000000000000004,1,1,-1
2023-09-08 13:34:57.060,0.631,0.369,1,1,-1
2023-09-10 15:05:00.848,0.554,0.44599999999999995,1,1,-1
2023-09-10 19:58:16.519,0.645,0.355,1,1,-1
2023-09-11 10:20:57.522,0.567,0.43300000000000005,1,1,-1
2023-09-11 14:47:59.229,0.642,0.358,1,1,1
2023-09-12 00:56:56.704,0.657,0.34299999999999997,1,1,1
2023-09-13 14:36:46.307,0.742,0.258,1,1,1
2023-09-14 00:51:08.145,0.665,0.33499999999999996,1,1,1
2023-09-15 21:13:37.175,0.674,0.32599999999999996,1,1,1
2023-09-18 10:19:51.248,0.717,0.28300000000000003,1,1,1
2023-09-18 11:04:29.152,0.724,0.276,1,1,-1
2023-09-19 08:07:31.094,0.596,0.404,1,1,1
2023-09-19 13:58:16.700,0.491,0.509,-1,1,1
2023-09-20 16:45:07.263,0.538,0.46199999999999997,1,1,-1
2023-09-21 08:55:06.136,0.413,0.587,-1,1,-1
2023-09-21 10:16:36.374,0.377,0.623,-1,-1,-1
2023-09-21 13:19:01.102,0.351,0.649,-1,-1,-1
2023-09-24 19:27:11.250,0.465,0.5349999999999999,-1,1,-1
2023-09-24 23:27:49.978,0.474,0.526,-1,1,-1
2023-09-25 12:22:43.949,0.464,0.536,-1,1,1
2023-09-25 15:24:10.563,0.435,0.565,-1,1,1
2023-09-26 13:16:08.018,0.433,0.567,-1,1,1
2023-09-27 09:41:18.978,0.385,0.615,-1,-1,1
2023-09-27 13:48:14.306,0.589,0.41100000000000003,1,1,1
2023-09-28 15:44:36.027,0.62,0.38,1,1,1
2023-09-28 18:48:00.156,0.497,0.503,-1,1,-1
2023-09-29 12:11:42.365,0.388,0.612,-1,-1,1
2023-09-29 18:02:24.548,0.463,0.5369999999999999,-1,1,1
2023-10-01 09:29:09.735,0.632,0.368,1,1,1
2023-10-01 20:03:59.002,0.452,0.548,-1,1,1
2023-10-02 14:00:06.468,0.646,0.354,1,1,-1
2023-10-03 23:38:22.995,0.492,0.508,-1,1,1
2023-10-04 00:31:52.117,0.445,0.5549999999999999,-1,1,1
2023-10-04 19:02:01.580,0.536,0.46399999999999997,1,1,1
2023-10-04 19:40:23.617,0.488,0.512,-1,1,1
2023-10-05 00:58:49.234,0.579,0.42100000000000004,1,1,-1
2023-10-05 13:10:31.995,0.605,0.395,1,1,-1
2023-10-06 07:45:25.100,0.505,0.495,1,1,1
2023-10-08 22:14:16.447,0.331,0.669,-1,-1,-1
2023-10-09 02:01:45.675,0.421,0.579,-1,1,-1
2023-10-09 12:16:00.638,0.403,0.597,-1,1,-1
2023-10-12 17:06:49.374,0.389,0.611,-1,-1,1
2023-10-13 21:15:36.242,0.455,0.5449999999999999,-1,1,1
2023-10-15 20:41:42.550,0.668,0.33199999999999996,1,1,1
2023-10-16 13:26:21.048,0.727,0.273,1,1,1
2023-10-16 21:10:05.790,0.531,0.469,1,1,1
2023-10-17 06:31:12.989,0.506,0.494,1,1,1
2023-10-17 10:24:09.114,0.539,0.46099999999999997,1,1,1
2023-10-18 14:46:59.839,0.552,0.44799999999999995,1,1,1
2023-10-19 10:09:01.856,0.535,0.46499999999999997,1,1,1
2023-10-20 08:20:36.610,0.587,0.41300000000000003,1,1,1
2023-10-20 10:49:26.284,0.651,0.349,1,1,1
2023-10-21 09:44:24.544,0.524,0.476,1,1,1
2023-10-21 17:40:42.414,0.575,0.42500000000000004,1,1,1
2023-10-23 00:50:22.035,0.539,0.46099999999999997,1,1,1
2023-10-23 17:28:27.571,0.492,0.508,-1,1,1
2023-10-23 22:13:02.655,0.579,0.42100000000000004,1,1,1
2023-10-23 22:40:40.312,0.566,0.43400000000000005,1,1,1
2023-10-24 15:20:53.990,0.64,0.36,1,1,1
2023-10-24 23:12:55.103,0.582,0.41800000000000004,1,1,1
2023-10-25 12:24:51.881,0.685,0.31499999999999995,1,1,-1
2023-10-25 15:47:32.050,0.673,0.32699999999999996,1,1,-1
2023-10-26 17:02:40.274,0.592,0.40800000000000003,1,1,1
2023-11-06 05:27:57.193,0.48,0.52,-1,1,1
2023-11-13 01:13:13.970,0.544,0.45599999999999996,1,1,-1
2023-11-13 11:46:15.022,0.428,0.5720000000000001,-1,1,-1
2023-11-13 21:14:23.753,0.411,0.589,-1,1,-1
2023-11-14 14:48:29.329,0.505,0.495,1,1,1
2023-11-15 18:24:54.772,0.637,0.363,1,1,-1
2023-11-15 18:47:24.450,0.647,0.353,1,1,-1
2023-11-15 23:56:34.071,0.668,0.33199999999999996,1,1,-1
2023-11-16 05:07:31.034,0.5573040800615858,0.4426959199384142,1,1,-1
2023-11-16 15:46:47.733,0.666,0.33399999999999996,1,1,1
2023-11-17 17:03:01.608,0.533,0.46699999999999997,1,1,1
2023-11-20 17:38:48.018,0.571,0.42900000000000005,1,1,-1
2023-11-21 11:25:24.349,0.504,0.496,1,1,-1
2023-11-23 04:10:33.401,0.542,0.45799999999999996,1,1,1
2023-11-24 07:56:03.318,0.495,0.505,-1,1,1
2023-11-26 13:27:12.343,0.422,0.5780000000000001,-1,1,-1
2023-11-27 02:37:23.132,0.46,0.54,-1,1,1
2023-11-27 14:16:41.234,0.485,0.515,-1,1,1
2023-12-01 07:14:53.317,0.59,0.41000000000000003,1,1,1
2023-12-02 19:11:46.679,0.599,0.401,1,1,1
2023-12-02 21:00:00.341,0.676,0.32399999999999995,1,1,1
2023-12-03 03:08:09.613,0.537,0.46299999999999997,1,1,1
2023-12-04 05:05:44.082,0.576,0.42400000000000004,1,1,1
2023-12-04 06:22:42.394,0.561,0.43899999999999995,1,1,1
2023-12-04 13:08:19.146,0.708,0.29200000000000004,1,1,1
2023-12-05 16:40:55.248,0.608,0.392,1,1,1
2023-12-05 17:31:23.038,0.672,0.32799999999999996,1,1,1
2023-12-05 20:27:45.418,0.565,0.43500000000000005,1,1,1
2023-12-06 02:32:13.739,0.554,0.44599999999999995,1,1,-1
2023-12-07 14:35:15.426,0.571,0.42900000000000005,1,1,1
2023-12-07 17:49:45.274,0.504,0.496,1,1,1
2023-12-10 23:15:46.491,0.31,0.69,-1,-1,-1
2023-12-11 01:45:13.001,0.353,0.647,-1,-1,-1
2023-12-11 02:12:49.459,0.67,0.32999999999999996,1,1,-1
2023-12-11 02:16:19.587,0.74,0.26,1,1,-1
2023-12-16 16:37:28.045,0.533,0.46699999999999997,1,1,-1
2023-12-17 08:19:07.060,0.466,0.534,-1,1,-1
2023-12-17 18:17:11.599,0.498,0.502,-1,1,1
2023-12-18 10:26:24.561,0.611,0.389,1,1,1
2023-12-19 01:51:11.009,0.648,0.352,1,1,-1
2023-12-21 10:53:18.045,0.545,0.45499999999999996,1,1,-1
2023-12-22 08:00:03.757,0.503,0.497,1,1,-1
2023-12-27 20:30:54.668,0.56,0.43999999999999995,1,1,-1
2023-12-28 00:37:34.033,0.628,0.372,1,1,-1
2023-12-28 05:11:04.033,0.472,0.528,-1,1,-1
2023-12-28 23:24:24.254,0.522,0.478,1,1,-1
2023-12-29 07:34:56.028,0.549,0.45099999999999996,1,1,1
2023-12-29 17:10:23.543,0.577,0.42300000000000004,1,1,1
2023-12-31 02:52:23.117,0.499,0.501,-1,1,1
2024-01-02 01:10:36.798,0.597,0.403,1,1,1
2024-01-02 08:21:29.398,0.614,0.386,1,1,-1
2024-01-02 12:58:12.424,0.642,0.358,1,1,-1
2024-01-02 20:52:37.641,0.606,0.394,1,1,-1
2024-01-03 01:59:22.554,0.569,0.43100000000000005,1,1,-1
2024-01-03 11:54:40.658,0.639,0.361,1,1,-1
2024-01-03 12:04:07.242,0.8,0.19999999999999996,1,1,1
2024-01-04 02:58:32.758,0.625,0.375,1,1,1
2024-01-04 14:52:01.097,0.627,0.373,1,1,1
2024-01-04 20:40:06.293,0.605,0.395,1,1,-1
2024-01-05 01:47:50.793,0.601,0.399,1,1,1
2024-01-05 16:28:20.087,0.579,0.42100000000000004,1,1,1
2024-01-06 05:52:34.194,0.587,0.41300000000000003,1,1,1
2024-01-07 14:42:46.054,0.66,0.33999999999999997,1,1,1
2024-01-07 16:54:56.797,0.568,0.43200000000000005,1,1,1
2024-01-08 18:35:24.688,0.641,0.359,1,1,1
2024-01-09 00:39:40.949,0.551,0.44899999999999995,1,1,-1
2024-01-09 21:42:41.740,0.587,0.41300000000000003,1,1,-1
2024-01-10 15:24:26.299,0.575,0.42500000000000004,1,1,1
2024-01-10 21:39:18.924,0.623,0.377,1,1,1
2024-01-12 04:59:11.308,0.525,0.475,1,1,-1
2024-01-12 15:23:11.900,0.663,0.33699999999999997,1,1,-1
2024-01-12 17:26:16.371,0.678,0.32199999999999995,1,1,-1
2024-01-12 22:03:31.060,0.671,0.32899999999999996,1,1,-1
2024-01-18 07:30:50.238,0.569,0.43100000000000005,1,1,-1
2024-01-18 16:35:11.661,0.534,0.46599999999999997,1,1,-1
2024-01-18 16:54:17.250,0.551,0.44899999999999995,1,1,-1
2024-01-18 17:53:36.830,0.635,0.365,1,1,1
2024-01-19 03:32:52.224,0.565,0.43500000000000005,1,1,1
2024-01-19 15:33:16.389,0.5753040800615858,0.42469591993841416,1,1,1
2024-01-22 10:28:42.722,0.588,0.41200000000000003,1,1,-1
2024-01-22 12:50:47.190,0.5043040800615859,0.4956959199384141,1,1,-1
2024-01-22 16:12:37.021,0.531,0.469,1,1,-1
2024-01-22 19:30:54.666,0.603,0.397,1,1,-1
2024-01-23 00:09:13.651,0.505,0.495,1,1,-1
2024-01-23 10:08:20.266,0.609,0.391,1,1,1
2024-01-24 14:59:13.541,0.486,0.514,-1,1,1
2024-01-25 11:23:57.741,0.535,0.46499999999999997,1,1,1
2024-01-25 17:18:07.473,0.47,0.53,-1,1,1
2024-01-26 10:40:15.164,0.613,0.387,1,1,1
2024-01-26 16:19:26.529,0.677,0.32299999999999995,1,1,1
2024-01-30 12:33:15.590,0.603,0.397,1,1,-1
2024-01-31 14:37:41.752,0.469,0.531,-1,1,-1
2024-01-31 20:07:10.784,0.556,0.44399999999999995,1,1,1
2024-02-01 19:53:32.804,0.535,0.46499999999999997,1,1,-1
2024-02-05 00:47:26.039,0.392,0.608,-1,-1,1
2024-02-05 10:04:15.043,0.566,0.43400000000000005,1,1,-1
2024-02-07 02:39:38.815,0.459,0.5409999999999999,-1,1,1
2024-02-08 00:03:41.709,0.604,0.396,1,1,1
2024-02-12 19:05:42.412,0.481,0.519,-1,1,-1
2024-02-12 20:45:11.032,0.593,0.40700000000000003,1,1,-1
2024-02-13 14:11:42.348,0.497,0.503,-1,1,1
2024-02-13 14:55:36.908,0.562,0.43799999999999994,1,1,1
2024-02-14 13:40:04.158,0.6,0.4,1,1,1
2024-02-14 15:16:35.022,0.531,0.469,1,1,1
2024-02-14 15:33:38.145,0.601,0.399,1,1,1
2024-02-14 23:06:35.570,0.588,0.41200000000000003,1,1,1
2024-02-15 10:45:25.101,0.555,0.44499999999999995,1,1,-1
2024-02-16 13:07:10.265,0.6,0.4,1,1,-1
2024-02-17 17:08:23.026,0.452,0.548,-1,1,1
2024-02-18 22:13:54.199,0.611,0.389,1,1,-1
2024-02-20 00:41:24.876,0.502,0.498,1,1,1
2024-02-20 05:28:25.759,0.49,0.51,-1,1,1
2024-02-23 09:50:13.602,0.414,0.5860000000000001,-1,1,1
2024-02-25 02:09:47.945,0.646,0.354,1,1,1
2024-02-26 12:20:57.866,0.462,0.538,-1,1,1
2024-02-26 20:05:11.505,0.645,0.355,1,1,1
2024-02-27 16:31:24.548,0.537,0.46299999999999997,1,1,1
2024-02-28 17:05:47.720,0.635,0.365,1,1,-1
2024-02-28 17:31:20.618,0.647,0.353,1,1,1
2024-02-28 17:43:43.148,0.648,0.352,1,1,1
2024-03-01 20:56:38.026,0.611,0.389,1,1,-1
2024-03-04 00:28:03.683,0.585,0.41500000000000004,1,1,1
2024-03-04 00:49:42.111,0.565,0.43500000000000005,1,1,1
2024-03-04 02:42:08.477,0.616,0.384,1,1,1
2024-03-04 22:01:16.037,0.636,0.364,1,1,-1
2024-03-04 23:31:42.603,0.548,0.45199999999999996,1,1,-1
2024-03-05 01:11:02.980,0.646,0.354,1,1,-1
2024-03-05 04:51:14.511,0.642,0.358,1,1,-1
2024-03-05 12:57:10.056,0.619,0.381,1,1,-1
2024-03-05 14:46:08.142,0.605,0.395,1,1,-1
2024-03-05 15:05:10.116,0.649,0.351,1,1,-1
2024-03-05 19:38:27.844,0.812,0.18799999999999994,1,1,1
2024-03-05 20:00:35.562,0.793,0.20699999999999996,1,1,1
2024-03-07 14:33:23.438,0.59,0.41000000000000003,1,1,1
2024-03-08 15:32:59.449,0.681,0.31899999999999995,1,1,1
2024-03-08 16:14:54.983,0.689,0.31100000000000005,1,1,1
2024-03-08 16:51:11.856,0.638,0.362,1,1,1
2024-03-08 20:10:18.374,0.593,0.40700000000000003,1,1,1
2024-03-10 04:21:28.892,0.6,0.4,1,1,1
2024-03-11 11:53:23.243,0.619,0.381,1,1,-1
2024-03-11 19:07:16.591,0.694,0.30600000000000005,1,1,-1
2024-03-12 14:07:14.837,0.583,0.41700000000000004,1,1,-1
2024-03-12 14:37:21.886,0.6083040800615859,0.3916959199384141,1,1,1
2024-03-14 15:28:19.782,0.634,0.366,1,1,-1
2024-03-14 16:46:26.837,0.527,0.473,1,1,-1
2024-03-18 13:48:03.875,0.591,0.40900000000000003,1,1,-1
2024-03-19 07:04:12.909,0.69,0.31000000000000005,1,1,-1
2024-03-19 10:47:52.796,0.784,0.21599999999999997,1,1,-1
2024-03-19 14:32:50.449,0.695,0.30500000000000005,1,1,1
2024-03-20 19:02:29.398,0.635,0.365,1,1,1
2024-03-23 14:59:38.872,0.614,0.386,1,1,1
2024-03-25 14:53:25.417,0.647,0.353,1,1,1
2024-03-26 07:22:15.033,0.573,0.42700000000000005,1,1,-1
2024-03-26 14:27:42.891,0.603,0.397,1,1,-1
2024-04-04 17:52:44.939,0.648,0.352,1,1,-1
2024-04-05 05:18:49.131,0.608,0.392,1,1,1
2024-04-05 12:04:27.199,0.607,0.393,1,1,1
2024-04-07 15:27:08.250,0.609,0.391,1,1,1
2024-04-10 22:01:49.593,0.64,0.36,1,1,-1
2024-04-11 08:48:47.784,0.685,0.31499999999999995,1,1,-1
2024-04-12 18:32:08.529,0.574,0.42600000000000005,1,1,-1
2024-04-12 18:40:18.104,0.713,0.28700000000000003,1,1,-1
2024-04-13 20:11:20.647,0.752,0.248,1,1,1
2024-04-16 21:17:47.038,0.547,0.45299999999999996,1,1,-1
2024-04-21 20:11:15.614,0.553,0.44699999999999995,1,1,1
2024-04-22 01:21:37.793,0.562,0.43799999999999994,1,1,1
2024-04-22 05:55:52.322,0.605,0.395,1,1,-1
2024-04-23 08:25:18.813,0.521,0.479,1,1,-1
2024-04-24 14:28:01.129,0.562,0.43799999999999994,1,1,-1
2024-04-25 10:27:43.225,0.631,0.369,1,1,1
2024-04-25 16:04:26.557,0.564,0.43600000000000005,1,1,-1
2024-04-25 21:15:42.311,0.544,0.45599999999999996,1,1,-1
2024-04-26 14:50:56.437,0.581,0.41900000000000004,1,1,-1
2024-04-29 14:26:55.028,0.562,0.43799999999999994,1,1,-1
2024-04-30 11:29:42.760,0.541,0.45899999999999996,1,1,-1
2024-04-30 19:27:25.357,0.589,0.41100000000000003,1,1,-1
2024-05-01 07:26:22.316,0.661,0.33899999999999997,1,1,1
2024-05-01 11:01:41.350,0.689,0.31100000000000005,1,1,1
2024-05-01 15:19:08.677,0.703,0.29700000000000004,1,1,1
2024-05-02 18:49:02.717,0.507,0.493,1,1,1
2024-05-03 13:35:11.949,0.47,0.53,-1,1,1
2024-05-05 01:13:24.252,0.472,0.528,-1,1,1
2024-05-06 08:18:44.465,0.676,0.32399999999999995,1,1,-1
2024-05-09 10:59:42.913,0.607,0.393,1,1,1
2024-05-10 14:22:06.344,0.553,0.44699999999999995,1,1,-1
2024-05-13 06:45:44.813,0.528,0.472,1,1,1
2024-05-15 16:14:38.405,0.562,0.43799999999999994,1,1,1
2024-05-15 19:40:25.262,0.543,0.45699999999999996,1,1,-1
2024-05-16 22:54:42.966,0.535,0.46499999999999997,1,1,1
2024-05-20 19:32:13.683,0.548,0.45199999999999996,1,1,1
2024-05-23 13:39:25.054,0.628,0.372,1,1,-1
2024-05-23 14:08:01.042,0.63,0.37,1,1,1
2024-05-24 14:26:52.028,0.537,0.46299999999999997,1,1,1
2024-05-24 17:55:10.484,0.591,0.40900000000000003,1,1,1
2024-05-26 22:16:31.109,0.549,0.45099999999999996,1,1,1
2024-06-03 01:12:06.032,0.495,0.505,-1,1,1
2024-06-05 00:52:12.515,0.65,0.35,1,1,1
2024-06-06 19:41:27.752,0.574,0.42600000000000005,1,1,-1
2024-06-07 04:00:03.154,0.597,0.403,1,1,-1
2024-06-07 19:29:18.811,0.638,0.362,1,1,1
2024-06-10 14:14:12.754,0.432,0.5680000000000001,-1,1,-1
2024-06-11 09:33:20.957,0.413,0.587,-1,1,1
2024-06-11 15:41:00.868,0.579,0.42100000000000004,1,1,1
2024-06-11 18:24:09.300,0.534,0.46599999999999997,1,1,1
2024-06-12 12:30:10.110,0.741,0.259,1,1,-1
2024-06-12 18:00:33.443,0.491,0.509,-1,1,-1
2024-06-12 19:25:15.215,0.566,0.43400000000000005,1,1,-1
2024-06-14 08:47:02.398,0.594,0.406,1,1,-1
2024-06-14 15:50:06.344,0.569,0.43100000000000005,1,1,1
2024-06-14 17:03:22.454,0.597,0.403,1,1,1
2024-06-17 03:56:20.781,0.625,0.375,1,1,-1
2024-06-17 16:29:56.027,0.54,0.45999999999999996,1,1,-1
2024-06-18 15:00:25.853,0.566,0.43400000000000005,1,1,1
2024-06-18 19:47:43.209,0.569,0.43100000000000005,1,1,1
2024-06-20 11:00:04.607,0.635,0.365,1,1,-1
2024-06-23 20:32:34.752,0.581,0.41900000000000004,1,1,-1
2024-06-25 18:14:21.683,0.555,0.44499999999999995,1,1,-1
2024-06-30 19:02:27.031,0.578,0.42200000000000004,1,1,1
2024-06-30 22:28:09.036,0.705,0.29500000000000004,1,1,-1
2024-07-01 17:45:46.794,0.579,0.42100000000000004,1,1,-1
2024-07-03 01:55:34.365,0.38,0.62,-1,-1,-1
2024-07-03 03:11:24.797,0.38,0.62,-1,-1,-1
2024-07-03 11:50:26.677,0.494,0.506,-1,1,-1
2024-07-03 13:35:11.276,0.516,0.484,1,1,-1
2024-07-05 03:16:25.679,0.565,0.43500000000000005,1,1,1
2024-07-05 15:04:46.530,0.543,0.45699999999999996,1,1,1
2024-07-05 17:32:12.437,0.485,0.515,-1,1,1
2024-07-06 13:49:13.328,0.511,0.489,1,1,-1
2024-07-07 23:41:32.258,0.647,0.353,1,1,-1
2024-07-08 00:40:59.671,0.657,0.34299999999999997,1,1,1
2024-07-09 18:45:39.030,0.58,0.42000000000000004,1,1,1
2024-07-10 12:33:26.656,0.557,0.44299999999999995,1,1,1
2024-07-11 12:31:07.885,0.625,0.375,1,1,-1
2024-07-11 13:51:09.953,0.6,0.4,1,1,1
2024-07-11 15:57:09.330,0.669,0.33099999999999996,1,1,1
2024-07-12 01:16:00.106,0.594,0.406,1,1,1
2024-07-12 18:44:34.679,0.529,0.471,1,1,1
2024-07-13 09:55:40.657,0.644,0.356,1,1,1
2024-07-14 05:26:15.417,0.598,0.402,1,1,1
2024-07-15 00:55:11.091,0.582,0.41800000000000004,1,1,1
2024-07-15 20:59:46.194,0.718,0.28200000000000003,1,1,1
2024-07-15 23:56:23.400,0.675,0.32499999999999996,1,1,-1
2024-07-16 23:29:40.712,0.532,0.46799999999999997,1,1,-1
2024-07-18 02:01:13.022,0.514,0.486,1,1,-1
2024-07-19 16:01:12.919,0.538,0.46199999999999997,1,1,1
2024-07-21 20:23:36.505,0.612,0.388,1,1,-1
2024-07-24 14:31:35.272,0.529,0.471,1,1,-1
2024-07-24 16:19:40.070,0.582,0.41800000000000004,1,1,-1
2024-07-24 18:49:44.472,0.598,0.402,1,1,-1
2024-07-25 01:09:16.172,0.634,0.366,1,1,1
2024-07-25 14:05:28.221,0.557,0.44299999999999995,1,1,1
2024-07-25 21:09:05.734,0.495,0.505,-1,1,1
2024-07-27 17:20:52.176,0.557,0.44299999999999995,1,1,1
2024-07-29 14:04:42.793,0.496,0.504,-1,1,-1
2024-07-30 00:21:04.751,0.537,0.46299999999999997,1,1,-1
2024-07-30 07:14:39.932,0.57,0.43000000000000005,1,1,-1
2024-07-30 19:27:52.354,0.504,0.496,1,1,-1
2024-08-02 16:45:13.049,0.596,0.404,1,1,-1
2024-08-04 00:16:00.215,0.57,0.43000000000000005,1,1,-1
2024-08-05 01:17:32.730,0.741,0.259,1,1,-1
2024-08-05 06:52:18.950,0.786,0.21399999999999997,1,1,1
2024-08-05 16:15:55.844,0.641,0.359,1,1,1
2024-08-08 21:42:46.113,0.553,0.44699999999999995,1,1,1
2024-08-10 01:10:32.729,0.551,0.44899999999999995,1,1,-1
2024-08-12 06:52:16.024,0.481,0.519,-1,1,1
2024-08-12 14:14:33.133,0.626,0.374,1,1,1
2024-08-15 01:57:41.950,0.467,0.5329999999999999,-1,1,1
2024-08-15 19:12:52.012,0.573,0.42700000000000005,1,1,1
2024-08-16 02:33:04.996,0.646,0.354,1,1,1
2024-08-16 13:17:00.944,0.637,0.363,1,1,1
2024-08-16 15:36:04.828,0.627,0.373,1,1,1
2024-08-21 13:59:30.027,0.541,0.45899999999999996,1,1,1
2024-08-24 00:41:10.434,0.526,0.474,1,1,-1
2024-08-25 21:36:36.718,0.547,0.45299999999999996,1,1,-1
2024-08-26 02:11:53.383,0.482,0.518,-1,1,-1
2024-08-26 23:55:13.040,0.473,0.527,-1,1,-1
2024-08-29 15:17:05.076,0.508,0.492,1,1,-1
2024-08-30 16:27:35.830,0.488,0.512,-1,1,-1
2024-09-01 16:22:53.536,0.513,0.487,1,1,1
2024-09-02 20:55:01.578,0.559,0.44099999999999995,1,1,-1
2024-09-03 08:21:25.300,0.524,0.476,1,1,-1
2024-09-03 23:54:40.030,0.567,0.43300000000000005,1,1,-1
2024-09-04 01:00:30.403,0.592,0.40800000000000003,1,1,1
2024-09-05 14:08:43.712,0.554,0.44599999999999995,1,1,-1
2024-09-05 15:01:08.812,0.572,0.42800000000000005,1,1,-1
2024-09-06 12:32:35.388,0.576,0.42400000000000004,1,1,-1
2024-09-07 12:34:25.124,0.538,0.46199999999999997,1,1,1
2024-09-09 13:17:23.371,0.622,0.378,1,1,1
2024-09-09 21:15:12.583,0.599,0.401,1,1,-1
2024-09-11 06:03:15.993,0.624,0.376,1,1,1
2024-09-11 13:06:47.725,0.507,0.493,1,1,1
2024-09-12 13:47:46.986,0.539,0.46099999999999997,1,1,1
2024-09-12 14:49:41.274,0.567,0.43300000000000005,1,1,1
2024-09-13 21:10:25.143,0.565,0.43500000000000005,1,1,-1
2024-09-16 13:22:45.180,0.543,0.45699999999999996,1,1,1
2024-09-16 23:47:58.382,0.546,0.45399999999999996,1,1,1
2024-09-17 00:59:43.998,0.546,0.45399999999999996,1,1,1
2024-09-17 12:44:21.834,0.614,0.386,1,1,1
2024-09-17 19:22:21.026,0.529,0.471,1,1,1
2024-09-18 18:13:14.057,0.607,0.393,1,1,1
2024-09-18 19:57:32.810,0.462,0.538,-1,1,1
2024-09-18 21:37:16.035,0.538,0.46199999999999997,1,1,1
2024-09-21 23:52:21.521,0.56,0.43999999999999995,1,1,1
2024-09-22 10:24:29.288,0.575,0.42500000000000004,1,1,1
2024-09-22 20:42:06.010,0.562,0.43799999999999994,1,1,1
2024-09-22 22:07:03.269,0.567,0.43300000000000005,1,1,1
2024-09-22 22:39:04.991,0.529,0.471,1,1,1
2024-09-24 02:12:56.085,0.575,0.42500000000000004,1,1,1
2024-09-24 14:29:33.291,0.516,0.484,1,1,1
2024-09-24 17:25:44.654,0.606,0.394,1,1,-1
2024-09-26 14:58:00.269,0.517,0.483,1,1,1
2024-09-27 06:21:07.231,0.636,0.364,1,1,1
2024-09-27 14:11:08.943,0.649,0.351,1,1,-1
2024-09-28 12:43:00.247,0.506,0.494,1,1,-1
2024-09-30 18:22:21.743,0.403,0.597,-1,1,-1
2024-10-01 01:13:05.443,0.542,0.45799999999999996,1,1,-1
2024-10-01 15:03:54.033,0.512,0.488,1,1,-1
2024-10-02 15:35:14.040,0.505,0.495,1,1,-1
2024-10-03 20:31:49.162,0.545,0.45499999999999996,1,1,1
2024-10-04 21:16:11.488,0.571,0.42900000000000005,1,1,1
2024-10-08 13:38:38.634,0.538,0.46199999999999997,1,1,-1
2024-10-09 12:38:14.034,0.58,0.42000000000000004,1,1,-1
2024-10-09 18:14:35.131,0.491,0.509,-1,1,-1
2024-10-10 10:08:08.759,0.565,0.43500000000000005,1,1,-1
2024-10-10 13:49:08.933,0.555,0.44499999999999995,1,1,1
2024-10-10 16:57:22.468,0.573,0.42700000000000005,1,1,1
2024-10-11 15:57:07.742,0.659,0.34099999999999997,1,1,1
2024-10-12 14:48:41.668,0.686,0.31399999999999995,1,1,1
2024-10-15 00:43:58.611,0.52,0.48,1,1,1
2024-10-16 01:27:31.357,0.692,0.30800000000000005,1,1,1
2024-10-16 11:21:57.031,0.657,0.34299999999999997,1,1,-1
2024-10-17 13:36:02.716,0.556,0.44399999999999995,1,1,1
2024-10-17 18:10:12.797,0.556,0.44399999999999995,1,1,1
2024-10-18 01:15:25.281,0.602,0.398,1,1,1
2024-10-18 15:30:28.589,0.63,0.37,1,1,-1
2024-10-20 20:52:25.564,0.613,0.387,1,1,-1
2024-10-21 19:54:21.758,0.515,0.485,1,1,-1
2024-10-22 13:53:26.206,0.532,0.46799999999999997,1,1,-1
2024-10-22 14:55:15.099,0.556,0.44399999999999995,1,1,-1
2024-10-23 07:37:14.390,0.569,0.43100000000000005,1,1,1
2024-10-23 18:04:05.799,0.591,0.40900000000000003,1,1,1
2024-10-23 18:51:30.287,0.587,0.41300000000000003,1,1,1
2024-10-27 13:03:56.067,0.534,0.46599999999999997,1,1,1
2024-10-28 07:13:23.823,0.54,0.45999999999999996,1,1,1
2024-10-28 13:29:03.190,0.671,0.32899999999999996,1,1,1
2024-10-28 15:20:31.728,0.546,0.45399999999999996,1,1,1
2024-10-28 19:06:56.284,0.656,0.344,1,1,1
2024-10-29 11:40:09.103,0.696,0.30400000000000005,1,1,1
2024-10-29 14:22:22.984,0.585,0.41500000000000004,1,1,1
2024-10-29 15:22:27.973,0.698,0.30200000000000005,1,1,1
2024-10-29 22:57:59.894,0.538,0.46199999999999997,1,1,-1
2024-10-30 20:03:05.255,0.567,0.43300000000000005,1,1,-1
2024-10-30 20:13:21.731,0.545,0.45499999999999996,1,1,-1
2024-10-30 20:44:23.507,0.548,0.45199999999999996,1,1,-1
2024-10-31 08:26:12.037,0.646,0.354,1,1,-1
2024-10-31 15:59:29.596,0.671,0.32899999999999996,1,1,-1
2024-11-03 19:55:30.575,0.502,0.498,1,1,-1
2024-11-04 16:39:32.459,0.441,0.5589999999999999,-1,1,1
2024-11-05 17:19:17.251,0.555,0.44499999999999995,1,1,1
2024-11-06 00:28:41.487,0.542,0.45799999999999996,1,1,1
2024-11-06 20:57:22.914,0.553,0.44699999999999995,1,1,1
2024-11-07 18:33:04.011,0.633,0.367,1,1,1
2024-11-08 03:03:48.132,0.545,0.45499999999999996,1,1,1
2024-11-08 15:24:27.329,0.532,0.46799999999999997,1,1,1
2024-11-09 16:22:08.288,0.617,0.383,1,1,1
2024-11-09 23:36:38.707,0.545,0.45499999999999996,1,1,1
2024-11-10 11:21:12.244,0.586,0.41400000000000003,1,1,1
2024-11-11 19:48:22.360,0.53,0.47,1,1,1
2024-11-11 20:51:42.073,0.496,0.504,-1,1,1
2024-11-12 18:26:44.154,0.572,0.42800000000000005,1,1,-1
2024-11-12 23:56:32.321,0.445,0.5549999999999999,-1,1,1
2024-11-13 21:04:41.357,0.544,0.45599999999999996,1,1,1
2024-11-14 10:08:36.226,0.552,0.44799999999999995,1,1,-1
2024-11-14 20:37:41.973,0.567,0.43300000000000005,1,1,1
2024-11-15 02:47:59.728,0.55,0.44999999999999996,1,1,1
2024-11-15 15:20:23.023,0.489,0.511,-1,1,1
2024-11-17 02:14:38.177,0.552,0.44799999999999995,1,1,1
2024-11-17 09:16:49.240,0.487,0.513,-1,1,-1
2024-11-17 21:36:03.600,0.455,0.5449999999999999,-1,1,1
2024-11-21 00:43:43.629,0.535,0.46499999999999997,1,1,1
2024-11-21 04:56:55.301,0.529,0.471,1,1,1
2024-11-21 14:42:52.881,0.489,0.511,-1,1,1
2024-11-22 07:31:02.020,0.519,0.481,1,1,-1
2024-11-22 13:25:52.946,0.48,0.52,-1,1,1
2024-11-22 15:38:07.019,0.465,0.5349999999999999,-1,1,-1
2024-11-25 09:22:41.498,0.546,0.45399999999999996,1,1,-1
2024-11-25 19:23:44.132,0.561,0.43899999999999995,1,1,-1
2024-11-25 23:07:39.102,0.441,0.5589999999999999,-1,1,-1
2024-11-27 13:44:58.532,0.481,0.519,-1,1,1
2024-11-27 15:43:21.731,0.466,0.534,-1,1,1
2024-11-27 20:17:57.025,0.462,0.538,-1,1,-1
2024-11-28 03:06:49.866,0.465,0.5349999999999999,-1,1,1
2024-11-28 14:08:52.489,0.487,0.513,-1,1,1
2024-11-28 20:41:24.021,0.427,0.573,-1,1,1
2024-12-02 16:42:07.669,0.436,0.5640000000000001,-1,1,-1
2024-12-03 14:50:09.720,0.406,0.594,-1,1,1
2024-12-04 01:42:02.754,0.527,0.473,1,1,1
2024-12-04 16:18:07.344,0.425,0.575,-1,1,1
2024-12-05 03:04:54.021,0.467,0.5329999999999999,-1,1,-1
2024-12-05 14:52:30.716,0.464,0.536,-1,1,-1
2024-12-05 19:47:07.011,0.371,0.629,-1,-1,1
2024-12-06 17:40:38.499,0.512,0.488,1,1,-1
2024-12-06 20:22:02.470,0.552,0.44799999999999995,1,1,-1
2024-12-09 12:03:14.404,0.535,0.46499999999999997,1,1,-1
2024-12-09 14:57:33.966,0.48,0.52,-1,1,-1
2024-12-11 09:13:20.448,0.46,0.54,-1,1,1
2024-12-16 03:05:14.225,0.481,0.519,-1,1,1
2024-12-16 13:01:43.159,0.441,0.5589999999999999,-1,1,1
2024-12-16 16:11:15.952,0.557,0.44299999999999995,1,1,-1
2024-12-17 15:15:35.524,0.432,0.5680000000000001,-1,1,-1
2024-12-17 17:20:57.024,0.455,0.5449999999999999,-1,1,-1
2024-12-17 22:46:05.429,0.451,0.5489999999999999,-1,1,-1
2024-12-18 16:16:56.279,0.443,0.5569999999999999,-1,1,-1
2024-12-18 19:59:09.906,0.462,0.538,-1,1,-1
2024-12-19 17:33:31.098,0.52,0.48,1,1,-1
2024-12-19 21:33:37.028,0.445,0.5549999999999999,-1,1,-1
2024-12-21 05:47:46.337,0.523,0.477,1,1,-1
2024-12-23 00:18:34.007,0.533,0.46699999999999997,1,1,1
2024-12-23 14:49:31.817,0.463,0.5369999999999999,-1,1,1
2024-12-26 04:35:10.034,0.408,0.5920000000000001,-1,1,-1
2024-12-28 17:41:17.029,0.365,0.635,-1,-1,-1
2024-12-29 23:02:08.117,0.374,0.626,-1,-1,1
2025-01-02 16:33:56.194,0.5,0.5,1,1,1
2025-01-05 23:07:34.239,0.511,0.489,1,1,1
2025-01-06 02:05:56.636,0.555,0.44499999999999995,1,1,1
2025-01-06 14:48:54.026,0.614,0.386,1,1,-1
2025-01-09 07:33:05.188,0.411,0.589,-1,1,-1
2025-01-16 14:44:08.121,0.479,0.521,-1,1,1
2025-01-17 10:59:07.962,0.52,0.48,1,1,1
2025-01-18 16:38:45.632,0.434,0.5660000000000001,-1,1,-1
2025-01-19 02:35:53.723,0.528,0.472,1,1,-1
2025-01-19 09:51:23.276,0.477,0.523,-1,1,-1
2025-01-19 21:28:08.552,0.401,0.599,-1,1,-1
2025-01-19 22:47:05.681,0.451,0.5489999999999999,-1,1,1
2025-01-19 23:26:35.726,0.479,0.521,-1,1,1
2025-01-20 01:46:45.952,0.501,0.499,1,1,1
2025-01-20 17:05:59.036,0.615,0.385,1,1,1
2025-01-21 00:53:28.512,0.551,0.44899999999999995,1,1,1
2025-01-23 20:20:14.091,0.611,0.389,1,1,-1
2025-01-24 09:23:53.981,0.537,0.46299999999999997,1,1,-1
2025-01-27 06:45:23.039,0.528,0.472,1,1,1
2025-02-02 11:28:51.722,0.568,0.43200000000000005,1,1,-1
2025-02-03 00:43:10.510,0.5,0.5,1,1,1
2025-02-03 01:55:35.979,0.606,0.394,1,1,1
2025-02-03 02:07:45.011,0.67,0.32999999999999996,1,1,1
2025-02-03 02:12:10.753,0.62,0.38,1,1,1
2025-02-03 15:11:24.042,0.602,0.398,1,1,1
2025-02-04 19:15:49.472,0.493,0.507,-1,1,-1
2025-02-04 20:26:50.240,0.464,0.536,-1,1,-1
2025-02-09 21:43:59.732,0.46,0.54,-1,1,1
2025-02-10 05:57:22.330,0.451,0.5489999999999999,-1,1,-1
2025-02-11 05:58:43.829,0.562,0.43799999999999994,1,1,-1
2025-02-13 21:36:51.737,0.434,0.5660000000000001,-1,1,1
2025-02-18 14:50:01.126,0.403,0.597,-1,1,1
2025-02-18 17:41:29.045,0.414,0.5860000000000001,-1,1,1
2025-02-18 19:07:26.755,0.495,0.505,-1,1,1
2025-02-24 22:10:31.596,0.488,0.512,-1,1,-1
2025-02-25 03:05:37.656,0.483,0.517,-1,1,-1
2025-02-25 07:25:07.206,0.589,0.41100000000000003,1,1,-1
2025-02-25 07:54:01.053,0.543,0.45699999999999996,1,1,-1
2025-02-25 10:38:36.049,0.522,0.478,1,1,-1
2025-02-25 15:35:07.527,0.62,0.38,1,1,1
2025-02-25 16:44:48.209,0.49,0.51,-1,1,-1
2025-02-26 03:13:01.237,0.561,0.43899999999999995,1,1,-1
2025-02-27 14:47:59.778,0.545,0.45499999999999996,1,1,-1
2025-02-27 19:32:22.314,0.616,0.384,1,1,-1
2025-02-28 02:32:02.093,0.674,0.32599999999999996,1,1,1
2025-02-28 03:04:57.051,0.638,0.362,1,1,1
2025-02-28 07:37:05.581,0.657,0.34299999999999997,1,1,1
2025-02-28 16:43:34.338,0.582,0.41800000000000004,1,1,1
2025-03-03 06:49:06.296,0.535,0.46499999999999997,1,1,-1
2025-03-03 13:55:32.381,0.473,0.527,-1,1,-1
2025-03-04 14:38:00.892,0.627,0.373,1,1,1
2025-03-04 15:03:18.307,0.702,0.29800000000000004,1,1,1
2025-03-05 15:41:48.739,0.579,0.42100000000000004,1,1,1
2025-03-06 02:01:36.917,0.636,0.364,1,1,-1
2025-03-07 20:56:53.604,0.684,0.31599999999999995,1,1,-1
2025-03-09 17:57:22.309,0.607,0.393,1,1,-1
2025-03-10 09:21:50.287,0.614,0.386,1,1,-1
2025-03-10 14:43:44.164,0.701,0.29900000000000004,1,1,1
2025-03-10 20:56:55.164,0.557,0.44299999999999995,1,1,1
2025-03-13 15:15:56.320,0.642,0.358,1,1,1
2025-03-13 23:08:04.061,0.569,0.43100000000000005,1,1,1
2025-03-20 02:36:18.673,0.545,0.45499999999999996,1,1,-1
2025-03-22 13:01:00.002,0.46,0.54,-1,1,1
2025-03-23 22:15:46.973,0.621,0.379,1,1,1
2025-03-24 10:59:48.409,0.562,0.43799999999999994,1,1,-1
2025-03-26 11:12:22.641,0.591,0.40900000000000003,1,1,-1
2025-03-26 13:58:19.924,0.491,0.509,-1,1,-1
2025-03-27 13:18:49.973,0.476,0.524,-1,1,-1
2025-03-29 06:20:34.063,0.52,0.48,1,1,-1
2025-03-29 11:01:09.922,0.459,0.5409999999999999,-1,1,1
2025-03-30 22:08:46.508,0.516,0.484,1,1,1
2025-03-31 13:32:40.987,0.488,0.512,-1,1,1
2025-04-04 15:04:17.440,0.501,0.499,1,1,-1
2025-04-04 17:39:10.066,0.507,0.493,1,1,-1
2025-04-05 12:40:24.437,0.461,0.5389999999999999,-1,1,-1
2025-04-07 06:25:33.345,0.511,0.489,1,1,1
2025-04-07 14:36:41.638,0.649,0.351,1,1,1
2025-04-09 01:13:36.130,0.615,0.385,1,1,1
2025-04-09 02:01:04.461,0.595,0.405,1,1,1
2025-04-09 06:14:45.226,0.554,0.44599999999999995,1,1,1
2025-04-09 11:03:50.363,0.565,0.43500000000000005,1,1,1
2025-04-09 13:51:43.970,0.579,0.42100000000000004,1,1,1
2025-04-10 15:13:41.138,0.523,0.477,1,1,1
2025-04-11 01:52:22.625,0.508,0.492,1,1,1
2025-04-13 01:15:19.051,0.58,0.42000000000000004,1,1,-1
2025-04-13 12:21:45.028,0.476,0.524,-1,1,1
2025-04-13 20:48:46.665,0.471,0.529,-1,1,1
2025-04-14 02:46:51.544,0.555,0.44499999999999995,1,1,-1
2025-04-14 14:41:41.879,0.529,0.471,1,1,1
2025-04-17 18:13:23.253,0.55,0.44999999999999996,1,1,1
2025-04-18 16:02:31.249,0.4,0.6,-1,1,1
2025-04-21 14:14:11.705,0.549,0.45099999999999996,1,1,1
2025-04-22 13:41:43.834,0.592,0.40800000000000003,1,1,1
2025-04-22 14:47:06.272,0.555,0.44499999999999995,1,1,1
2025-04-22 21:49:27.307,0.546,0.45399999999999996,1,1,1
2025-04-23 06:59:30.160,0.547,0.45299999999999996,1,1,-1
2025-04-23 15:58:01.026,0.336,0.6639999999999999,-1,-1,1
2025-04-24 13:31:38.836,0.397,0.603,-1,-1,1
2025-04-25 01:19:05.125,0.488,0.512,-1,1,1
2025-04-25 11:24:52.871,0.549,0.45099999999999996,1,1,-1
2025-04-25 18:10:56.897,0.434,0.5660000000000001,-1,1,-1
2025-04-26 09:47:23.045,0.44,0.56,-1,1,-1
2025-04-27 05:41:45.298,0.383,0.617,-1,-1,1
2025-04-29 01:46:49.324,0.506,0.494,1,1,-1
2025-04-29 05:47:31.738,0.457,0.5429999999999999,-1,1,-1
2025-04-29 14:40:59.781,0.459,0.5409999999999999,-1,1,-1
2025-04-29 22:40:28.139,0.453,0.5469999999999999,-1,1,1
2025-04-30 13:44:04.152,0.347,0.653,-1,-1,1
2025-05-01 22:49:25.139,0.468,0.532,-1,1,-1
2025-05-03 23:37:43.546,0.368,0.632,-1,-1,-1
2025-05-04 17:38:21.643,0.388,0.612,-1,-1,-1
2025-05-05 01:31:51.846,0.489,0.511,-1,1,1
2025-05-05 05:55:20.346,0.508,0.492,1,1,1
2025-05-05 14:34:11.739,0.49,0.51,-1,1,1
2025-05-05 20:37:54.835,0.448,0.552,-1,1,1
2025-05-05 22:10:59.655,0.477,0.523,-1,1,1
2025-05-06 08:30:24.925,0.455,0.5449999999999999,-1,1,1
2025-05-08 00:59:21.827,0.6,0.4,1,1,1
2025-05-08 20:29:28.991,0.528,0.472,1,1,1
2025-05-09 13:47:39.143,0.572,0.42800000000000005,1,1,1
2025-05-11 22:44:13.430,0.341,0.659,-1,-1,-1
2025-05-12 00:31:25.468,0.407,0.593,-1,1,-1
2025-05-12 01:39:23.294,0.355,0.645,-1,-1,-1
2025-05-12 07:00:54.667,0.504,0.496,1,1,-1
2025-05-12 20:43:02.245,0.317,0.683,-1,-1,1
2025-05-15 14:48:12.144,0.456,0.544,-1,1,1
2025-05-15 15:32:43.935,0.393,0.607,-1,-1,1
2025-05-20 11:26:47.080,0.473,0.527,-1,1,1
2025-05-20 15:39:35.498,0.497,0.503,-1,1,1
2025-05-22 12:34:27.164,0.562,0.43799999999999994,1,1,-1
2025-05-26 01:00:23.558,0.546,0.45399999999999996,1,1,-1
2025-05-26 17:48:09.211,0.375,0.625,-1,-1,1
2025-05-26 22:13:45.288,0.43,0.5700000000000001,-1,1,-1
2025-05-28 13:57:17.032,0.393,0.607,-1,-1,-1
2025-05-28 23:11:41.012,0.455,0.5449999999999999,-1,1,-1
2025-05-30 00:58:10.107,0.538,0.46199999999999997,1,1,-1
2025-05-30 16:32:42.219,0.501,0.499,1,1,1
2025-05-31 01:34:43.632,0.519,0.481,1,1,1
2025-06-01 12:36:25.140,0.447,0.5529999999999999,-1,1,1
2025-06-05 06:24:19.927,0.339,0.661,-1,-1,-1
2025-06-06 00:55:57.776,0.429,0.571,-1,1,1
2025-06-06 14:46:22.476,0.494,0.506,-1,1,1
2025-06-07 11:05:32.630,0.542,0.45799999999999996,1,1,1
2025-06-11 14:17:04.832,0.489,0.511,-1,1,-1
2025-06-11 22:24:03.963,0.431,0.569,-1,1,-1
2025-06-12 03:20:17.356,0.396,0.604,-1,-1,-1
2025-06-12 14:07:13.234,0.482,0.518,-1,1,-1
2025-06-12 20:00:31.942,0.435,0.565,-1,1,-1
2025-06-13 00:02:32.609,0.416,0.5840000000000001,-1,1,-1
2025-06-13 01:11:24.627,0.561,0.43899999999999995,1,1,1
2025-06-13 03:32:19.463,0.487,0.513,-1,1,1
2025-06-16 02:32:05.779,0.449,0.5509999999999999,-1,1,1
2025-06-16 14:33:23.115,0.611,0.389,1,1,-1
2025-06-18 17:00:04.758,0.446,0.554,-1,1,1
2025-06-18 23:49:52.051,0.507,0.493,1,1,-1
2025-06-19 16:57:11.461,0.379,0.621,-1,-1,-1
2025-06-19 23:15:57.510,0.524,0.476,1,1,-1
2025-06-20 13:51:20.663,0.578,0.42200000000000004,1,1,-1
2025-06-21 23:58:03.663,0.431,0.569,-1,1,-1
2025-06-22 00:34:45.718,0.46,0.54,-1,1,-1
2025-06-22 13:16:39.668,0.484,0.516,-1,1,-1
2025-06-23 22:08:41.466,0.459,0.5409999999999999,-1,1,1
2025-06-24 16:59:51.037,0.578,0.42200000000000004,1,1,1
2025-06-25 17:41:03.664,0.563,0.43700000000000006,1,1,-1
2025-06-26 13:39:59.394,0.415,0.585,-1,1,1
2025-06-26 20:44:57.633,0.48,0.52,-1,1,1
2025-06-27 00:49:38.201,0.381,0.619,-1,-1,1
2025-06-27 14:17:18.874,0.408,0.5920000000000001,-1,1,1
2025-06-29 08:37:29.423,0.472,0.528,-1,1,-1
2025-06-29 11:55:56.834,0.567,0.43300000000000005,1,1,-1
2025-07-08 15:21:35.539,0.425,0.575,-1,1,1
2025-07-09 18:42:08.609,0.412,0.5880000000000001,-1,1,1
2025-07-10 15:58:02.491,0.426,0.5740000000000001,-1,1,1
2025-07-11 18:47:15.453,0.395,0.605,-1,-1,1
2025-07-13 12:31:31.828,0.407,0.593,-1,1,1
2025-07-14 02:26:23.354,0.482,0.518,-1,1,1
2025-07-15 03:10:11.655,0.399,0.601,-1,-1,1
2025-07-15 04:09:46.634,0.396,0.604,-1,-1,1
2025-07-15 11:18:20.169,0.371,0.629,-1,-1,1
2025-07-15 13:06:03.389,0.43,0.5700000000000001,-1,1,1
2025-07-15 14:39:20.519,0.416,0.5840000000000001,-1,1,1
2025-07-16 15:28:30.383,0.465,0.5349999999999999,-1,1,-1
2025-07-16 20:50:19.698,0.45,0.55,-1,1,1
2025-07-17 01:47:57.475,0.392,0.608,-1,-1,1
2025-07-17 15:51:46.960,0.379,0.621,-1,-1,-1
2025-07-18 20:27:49.183,0.423,0.577,-1,1,1
2025-07-20 15:57:08.832,0.436,0.5640000000000001,-1,1,-1
2025-07-20 22:01:03.184,0.298,0.702,-1,-1,1
2025-07-22 16:19:59.557,0.516,0.484,1,1,-1
2025-07-24 07:54:51.784,0.399,0.601,-1,-1,-1
2025-07-25 03:33:12.306,0.399,0.601,-1,-1,1
2025-07-25 07:53:06.710,0.405,0.595,-1,1,1
2025-07-25 14:16:02.541,0.404,0.596,-1,1,1
2025-07-28 13:55:23.326,0.432,0.5680000000000001,-1,1,-1
2025-07-28 18:32:23.756,0.304,0.696,-1,-1,-1
2025-07-29 00:29:49.578,0.396,0.604,-1,-1,-1
2025-07-29 03:48:04.390,0.377,0.623,-1,-1,-1
2025-07-30 07:21:56.002,0.483,0.517,-1,1,-1
2025-08-01 18:12:40.792,0.483,0.517,-1,1,-1
2025-08-01 20:18:03.383,0.451,0.5489999999999999,-1,1,1
2025-08-06 14:58:38.029,0.532,0.46799999999999997,1,1,1
2025-08-08 06:03:37.207,0.379,0.621,-1,-1,1
2025-08-08 15:59:34.318,0.358,0.642,-1,-1,1
2025-08-08 22:22:31.415,0.382,0.618,-1,-1,1
2025-08-11 01:33:25.439,0.513,0.487,1,1,1
2025-08-12 02:38:42.607,0.324,0.6759999999999999,-1,-1,1
2025-08-12 10:02:50.044,0.324,0.6759999999999999,-1,-1,1
2025-08-12 13:17:19.310,0.41,0.5900000000000001,-1,1,1
2025-08-12 20:54:03.621,0.388,0.612,-1,-1,1
2025-08-13 10:21:42.064,0.397,0.603,-1,-1,1
2025-08-13 13:50:57.327,0.506,0.494,1,1,1
2025-08-13 14:52:20.338,0.369,0.631,-1,-1,1
2025-08-13 19:21:02.465,0.467,0.5329999999999999,-1,1,-1
2025-08-14 02:20:37.774,0.432,0.5680000000000001,-1,1,-1
2025-08-14 14:44:00.744,0.368,0.632,-1,-1,-1
2025-08-14 19:22:54.172,0.434,0.5660000000000001,-1,1,-1
2025-08-18 15:49:44.078,0.335,0.665,-1,-1,-1
2025-08-19 01:55:09.209,0.369,0.631,-1,-1,-1
2025-08-19 05:03:54.587,0.302,0.698,-1,-1,-1
2025-08-19 13:30:54.823,0.322,0.6779999999999999,-1,-1,-1
2025-08-19 13:49:05.374,0.306,0.694,-1,-1,-1
2025-08-19 14:49:22.593,0.315,0.685,-1,-1,-1
2025-08-19 18:49:57.576,0.415,0.585,-1,1,1
2025-08-20 13:46:37.772,0.426,0.5740000000000001,-1,1,1
2025-08-21 01:55:28.327,0.507,0.493,1,1,-1
2025-08-21 17:05:05.843,0.424,0.5760000000000001,-1,1,1
2025-08-22 02:14:10.029,0.404,0.596,-1,1,1
2025-08-22 14:00:28.409,0.459,0.5409999999999999,-1,1,1
2025-08-24 14:03:16.052,0.336,0.6639999999999999,-1,-1,-1
2025-08-24 19:34:25.715,0.374,0.626,-1,-1,-1
2025-08-26 18:43:37.714,0.498,0.502,-1,1,1
2025-08-27 07:40:16.644,0.475,0.525,-1,1,1
2025-08-27 14:20:32.048,0.525,0.475,1,1,-1
2025-08-27 22:05:18.854,0.507,0.493,1,1,-1
2025-08-28 19:52:44.875,0.497,0.503,-1,1,-1
2025-08-29 14:10:21.730,0.493,0.507,-1,1,-1
2025-09-01 21:29:59.535,0.388,0.612,-1,-1,1
2025-09-04 02:34:00.366,0.378,0.622,-1,-1,-1
2025-09-08 08:54:29.119,0.381,0.619,-1,-1,1
2025-09-08 14:34:54.653,0.462,0.538,-1,1,-1
2025-09-10 06:44:04.422,0.347,0.653,-1,-1,1
2025-09-11 04:03:20.475,0.376,0.624,-1,-1,1
2025-09-11 12:30:22.711,0.296,0.704,-1,-1,1
2025-09-11 22:20:58.257,0.426,0.5740000000000001,-1,1,1
2025-09-12 03:34:46.772,0.39,0.61,-1,-1,1
2025-09-12 12:08:19.453,0.356,0.644,-1,-1,1
2025-09-17 22:29:48.847,0.344,0.656,-1,-1,-1
2025-09-18 03:07:19.172,0.511,0.489,1,1,-1
2025-09-18 18:15:27.029,0.451,0.5489999999999999,-1,1,-1
2025-09-18 22:54:30.706,0.389,0.611,-1,-1,-1
2025-09-19 12:27:37.694,0.307,0.6930000000000001,-1,-1,-1
2025-09-21 09:33:45.027,0.297,0.7030000000000001,-1,-1,-1
2025-09-22 02:33:30.093,0.337,0.663,-1,-1,-1
2025-09-23 03:43:44.674,0.406,0.594,-1,1,1
2025-09-23 08:01:33.903,0.426,0.5740000000000001,-1,1,-1
2025-09-23 17:39:43.242,0.259,0.741,-1,-1,1
2025-09-24 01:56:51.983,0.327,0.673,-1,-1,1
2025-09-24 03:59:52.843,0.267,0.733,-1,-1,1
2025-09-24 14:47:24.885,0.455,0.5449999999999999,-1,1,-1
2025-09-25 13:04:42.052,0.287,0.7130000000000001,-1,-1,-1
2025-09-25 13:45:15.763,0.453,0.5469999999999999,-1,1,-1
2025-09-28 20:40:28.108,0.535,0.46499999999999997,1,1,1
2025-09-29 13:42:58.705,0.46,0.54,-1,1,1
2025-10-01 14:45:22.889,0.442,0.558,-1,1,1
2025-10-03 15:24:05.832,0.508,0.492,1,1,1
2025-10-03 16:28:13.683,0.488,0.512,-1,1,-1
2025-10-07 02:21:22.034,0.361,0.639,-1,-1,-1
2025-10-07 15:39:48.513,0.488,0.512,-1,1,1
2025-10-12 12:08:22.877,0.466,0.534,-1,1,1
2025-10-13 13:59:15.511,0.469,0.531,-1,1,-1
2025-10-14 15:53:21.679,0.436,0.5640000000000001,-1,1,-1
2025-10-15 04:14:18.585,0.484,0.516,-1,1,-1
2025-10-16 03:22:25.378,0.415,0.585,-1,1,-1
2025-10-16 09:39:58.518,0.556,0.44399999999999995,1,1,-1
2025-10-16 09:49:21.099,0.491,0.509,-1,1,-1
2025-10-19 17:12:28.038,0.472,0.528,-1,1,1
2025-10-20 00:18:13.163,0.398,0.602,-1,-1,1
2025-10-22 13:58:07.141,0.391,0.609,-1,-1,1
2025-10-26 22:03:49.278,0.556,0.44399999999999995,1,1,-1
2025-10-27 06:45:25.447,0.555,0.44499999999999995,1,1,-1
2025-10-28 19:19:42.127,0.483,0.517,-1,1,-1
2025-10-29 13:32:54.952,0.457,0.5429999999999999,-1,1,-1
2025-10-29 20:37:02.607,0.402,0.598,-1,1,-1
2025-10-30 05:46:48.718,0.511,0.489,1,1,-1
2025-10-30 19:18:00.530,0.529,0.471,1,1,1
2025-10-31 12:03:38.043,0.521,0.479,1,1,-1
2025-11-04 20:41:09.308,0.508,0.492,1,1,1
2025-11-04 22:08:50.870,0.619,0.381,1,1,1
2025-11-05 13:45:55.256,0.519,0.481,1,1,-1
2025-11-05 17:19:35.542,0.521,0.479,1,1,-1
2025-11-06 01:22:49.822,0.435,0.565,-1,1,-1
2025-11-07 06:23:47.607,0.478,0.522,-1,1,1
2025-11-07 16:34:42.225,0.574,0.42600000000000005,1,1,1
2025-11-10 00:36:23.535,0.634,0.366,1,1,-1
2025-11-11 14:49:08.658,0.476,0.524,-1,1,-1
2025-11-11 21:21:33.413,0.542,0.45799999999999996,1,1,1
2025-11-12 08:35:11.788,0.517,0.483,1,1,-1
2025-11-12 11:24:15.626,0.539,0.46099999999999997,1,1,-1
2025-11-13 13:29:38.751,0.497,0.503,-1,1,-1
2025-11-13 14:56:08.907,0.484,0.516,-1,1,-1
2025-11-14 07:01:07.958,0.574,0.42600000000000005,1,1,-1
2025-11-14 11:19:35.081,0.563,0.43700000000000006,1,1,-1
2025-11-14 14:45:54.305,0.624,0.376,1,1,-1
2025-11-14 17:51:36.874,0.617,0.383,1,1,-1
2025-11-15 20:43:40.311,0.604,0.396,1,1,-1
2025-11-17 00:27:16.490,0.59,0.41000000000000003,1,1,-1
2025-11-17 17:44:35.638,0.673,0.32699999999999996,1,1,-1
2025-11-17 21:22:32.095,0.587,0.41300000000000003,1,1,-1
2025-11-18 02:17:55.891,0.631,0.369,1,1,1
2025-11-18 15:22:56.314,0.541,0.45899999999999996,1,1,-1
2025-11-19 00:22:16.041,0.477,0.523,-1,1,-1
2025-11-19 15:39:40.077,0.606,0.394,1,1,-1
2025-11-21 07:37:03.770,0.785,0.21499999999999997,1,1,1
2025-11-22 23:03:31.249,0.513,0.487,1,1,1
2025-11-23 04:20:57.123,0.571,0.42900000000000005,1,1,1
2025-11-24 16:02:36.353,0.511,0.489,1,1,1
2025-11-25 07:55:25.366,0.477,0.523,-1,1,1
2025-11-25 23:10:14.737,0.512,0.488,1,1,1
2025-11-26 12:29:14.935,0.559,0.44099999999999995,1,1,1
2025-11-28 14:30:32.933,0.626,0.374,1,1,-1
2025-11-28 16:21:41.616,0.503,0.497,1,1,-1
2025-12-02 13:36:55.042,0.527,0.473,1,1,1
2025-12-03 05:49:14.037,0.619,0.381,1,1,-1
2025-12-04 11:33:23.029,0.529,0.471,1,1,-1
2025-12-04 19:18:04.186,0.621,0.379,1,1,-1
2025-12-05 14:42:53.604,0.582,0.41800000000000004,1,1,-1
2025-12-05 20:28:37.346,0.486,0.514,-1,1,1
2025-12-07 13:22:53.492,0.56,0.43999999999999995,1,1,1
2025-12-07 15:09:47.034,0.536,0.46399999999999997,1,1,1
2025-12-07 17:19:36.347,0.518,0.482,1,1,1
2025-12-09 15:41:17.605,0.55,0.44999999999999996,1,1,1
2025-12-10 19:17:16.240,0.551,0.44899999999999995,1,1,-1
2025-12-11 18:19:10.413,0.454,0.546,-1,1,-1
2025-12-12 15:09:07.216,0.489,0.511,-1,1,-1
2025-12-14 16:52:04.303,0.557,0.44299999999999995,1,1,-1
2025-12-14 22:39:50.041,0.476,0.524,-1,1,-1
2025-12-15 00:26:30.169,0.483,0.517,-1,1,-1
2025-12-15 19:01:35.404,0.541,0.45899999999999996,1,1,1
2025-12-16 10:39:23.057,0.527,0.473,1,1,1
2025-12-16 15:53:40.158,0.546,0.45399999999999996,1,1,-1
2025-12-17 13:51:58.740,0.588,0.41200000000000003,1,1,1
2025-12-17 14:52:58.083,0.643,0.357,1,1,-1
2025-12-19 02:48:25.859,0.418,0.5820000000000001,-1,1,1
2025-12-19 17:31:04.817,0.445,0.5549999999999999,-1,1,1
2025-12-21 08:45:08.760,0.504,0.496,1,1,1
2025-12-22 17:14:31.971,0.561,0.43899999999999995,1,1,-1
2025-12-24 03:03:32.090,0.562,0.43799999999999994,1,1,1
2025-12-24 20:48:50.009,0.613,0.387,1,1,1
2025-12-29 00:36:44.438,0.49,0.51,-1,1,1
2025-12-30 14:54:04.723,0.61,0.39,1,1,-1
2025-12-30 17:47:17.928,0.506,0.494,1,1,1
2026-01-02 16:18:43.448,0.555,0.44499999999999995,1,1,1
2026-01-03 21:16:54.482,0.595,0.405,1,1,1
2026-01-04 00:05:33.322,0.699,0.30100000000000005,1,1,1
2026-01-05 16:20:35.056,0.662,0.33799999999999997,1,1,-1
2026-01-06 03:14:04.861,0.432,0.5680000000000001,-1,1,-1
2026-01-06 14:17:22.639,0.432,0.5680000000000001,-1,1,-1
2026-01-06 15:46:14.636,0.475,0.525,-1,1,-1
2026-01-08 14:22:58.262,0.394,0.606,-1,-1,1
2026-01-08 17:11:06.442,0.547,0.45299999999999996,1,1,-1
2026-01-12 15:30:20.903,0.379,0.621,-1,-1,1
2026-01-13 14:01:51.053,0.539,0.46099999999999997,1,1,1
2026-01-13 19:34:38.197,0.64,0.36,1,1,1
2026-01-13 22:10:24.078,0.629,0.371,1,1,1
2026-01-13 22:14:21.673,0.62,0.38,1,1,1
2026-01-14 16:47:33.787,0.711,0.28900000000000003,1,1,-1
2026-01-15 02:36:23.177,0.508,0.492,1,1,-1
2026-01-15 09:40:21.858,0.51,0.49,1,1,-1
2026-01-16 15:23:08.536,0.494,0.506,-1,1,-1
2026-01-18 23:23:03.041,0.328,0.6719999999999999,-1,-1,-1
2026-01-20 06:17:50.114,0.435,0.565,-1,1,-1
2026-01-20 15:07:08.806,0.464,0.536,-1,1,-1
2026-01-20 22:33:36.169,0.505,0.495,1,1,1
2026-01-22 20:08:52.862,0.638,0.362,1,1,-1
2026-01-23 14:39:58.038,0.631,0.369,1,1,-1
2026-01-23 15:49:33.826,0.562,0.43799999999999994,1,1,-1
2026-01-26 14:31:20.036,0.601,0.399,1,1,1
2026-01-26 15:11:24.527,0.541,0.45899999999999996,1,1,1
2026-01-27 02:53:35.672,0.512,0.488,1,1,-1
2026-01-27 15:02:48.343,0.546,0.45399999999999996,1,1,1
2026-01-27 16:47:06.763,0.563,0.43700000000000006,1,1,1
2026-01-27 17:19:09.692,0.599,0.401,1,1,1
2026-01-28 21:14:16.932,0.591,0.40900000000000003,1,1,-1
2026-01-29 21:48:24.312,0.589,0.41100000000000003,1,1,-1
