timestamp,meta_prob,meta_pred,bet_size
2023-01-11 22:56:35.770,0.8049475338148449,1,0.6098950676296897
2023-01-12 12:33:30.572,0.8550233915432375,1,0.710046783086475
2023-01-12 13:31:29.227,0.840768036636079,1,0.681536073272158
2023-01-12 13:36:14.254,0.8079907106081647,1,0.6159814212163295
2023-01-12 14:54:19.692,0.8228708391299483,1,0.6457416782598966
2023-01-12 16:20:41.686,0.792528150238301,1,0.5850563004766021
2023-01-13 10:53:54.017,0.8357438224460223,1,0.6714876448920446
2023-01-13 15:23:53.526,0.8660197828684031,1,0.7320395657368062
2023-01-14 00:37:19.837,0.8282768194815768,1,0.6565536389631537
2023-01-14 12:34:40.483,0.8315378645552725,1,0.6630757291105449
2023-01-14 16:00:50.991,0.793593824542618,1,0.5871876490852359
2023-01-15 03:22:14.688,0.794029339922393,1,0.588058679844786
2023-01-17 00:49:31.252,0.7513055619900467,1,0.5026111239800934
2023-01-17 14:07:39.105,0.7884007390055873,1,0.5768014780111745
2023-01-18 15:45:10.759,0.800968948517128,1,0.6019378970342559
2023-01-18 16:44:48.065,0.8159466182646781,1,0.6318932365293561
2023-01-18 22:18:35.567,0.8009944695539959,1,0.6019889391079918
2023-01-20 10:32:15.881,0.8224467070015007,1,0.6448934140030014
2023-01-20 14:59:28.266,0.8237007826827573,1,0.6474015653655145
2023-01-22 15:28:00.435,0.8311552822638466,1,0.6623105645276932
2023-01-23 20:58:42.661,0.8216367779209546,1,0.6432735558419092
2023-01-24 14:36:08.429,0.801842622039546,1,0.6036852440790921
2023-01-25 01:25:36.894,0.8375182037222771,1,0.6750364074445543
2023-01-25 19:22:00.293,0.7995582194876573,1,0.5991164389753145
2023-01-30 07:50:13.485,0.7958251374323395,1,0.591650274864679
2023-01-31 22:13:59.167,0.8181616724755285,1,0.636323344951057
2023-02-01 20:29:38.657,0.8708113102520815,1,0.7416226205041629
2023-02-01 22:22:52.179,0.8775087547482481,1,0.7550175094964962
2023-02-02 21:30:59.780,0.8213903121625352,1,0.6427806243250704
2023-02-03 15:25:39.418,0.8302626223610746,1,0.6605252447221492
2023-02-03 18:08:14.120,0.7765193724133634,1,0.5530387448267269
2023-02-05 17:50:30.287,0.8315346806229492,1,0.6630693612458984
2023-02-06 01:05:11.549,0.7844878005931359,1,0.5689756011862719
2023-02-09 21:30:38.448,0.857200926029739,1,0.7144018520594779
2023-02-12 16:34:41.138,0.8564996967039039,1,0.7129993934078078
2023-02-12 21:43:01.652,0.8266523380726396,1,0.6533046761452792
2023-02-13 18:32:55.044,0.7883732161186906,1,0.5767464322373812
2023-02-14 13:30:57.046,0.8048482575049694,1,0.6096965150099387
2023-02-14 19:48:55.062,0.8254222778823078,1,0.6508445557646156
2023-02-15 22:14:04.810,0.845083306647034,1,0.690166613294068
2023-02-16 00:14:16.189,0.8437015933909963,1,0.6874031867819925
2023-02-19 20:06:59.269,0.8169954841230523,1,0.6339909682461047
2023-02-21 15:17:00.118,0.802044899892607,1,0.6040897997852139
2023-02-22 15:02:11.174,0.7991245284285715,1,0.598249056857143
2023-02-22 22:38:00.227,0.8205676864487931,1,0.6411353728975862
2023-02-24 15:17:12.274,0.7803616514992182,1,0.5607233029984364
2023-02-26 03:46:13.939,0.8150334767479608,1,0.6300669534959216
2023-02-28 15:27:02.962,0.8429235509878583,1,0.6858471019757166
2023-02-28 19:26:12.055,0.8012641343287027,1,0.6025282686574054
2023-03-01 13:29:56.623,0.8052151394622531,1,0.6104302789245062
2023-03-01 23:34:32.385,0.8040382322048417,1,0.6080764644096834
2023-03-02 07:21:33.316,0.8307369669307004,1,0.6614739338614009
2023-03-03 01:18:53.281,0.825958689134576,1,0.6519173782691521
2023-03-06 15:46:21.829,0.7946218157438112,1,0.5892436314876224
2023-03-07 11:57:32.578,0.8314513539254725,1,0.6629027078509451
2023-03-07 15:01:10.899,0.7875109434301686,1,0.5750218868603372
2023-03-10 01:18:26.440,0.8138119117090968,1,0.6276238234181937
2023-03-10 07:06:56.178,0.8073289105578632,1,0.6146578211157263
2023-03-10 13:43:27.751,0.8477253547305318,1,0.6954507094610636
2023-03-10 23:44:49.074,0.8180482248288188,1,0.6360964496576376
2023-03-11 04:16:54.693,0.8076089435486363,1,0.6152178870972727
2023-03-12 18:27:14.761,0.836808762467011,1,0.6736175249340219
2023-03-13 15:01:57.081,0.8033215182391048,1,0.6066430364782096
2023-03-14 07:44:47.006,0.8523105256233646,1,0.7046210512467292
2023-03-15 11:23:49.095,0.8226846756765829,1,0.6453693513531658
2023-03-15 12:32:43.258,0.7893408432513432,1,0.5786816865026865
2023-03-16 10:36:35.803,0.8517465068352941,1,0.7034930136705881
2023-03-16 19:24:31.384,0.8227186627652014,1,0.6454373255304029
2023-03-17 01:29:08.429,0.8237165875137706,1,0.6474331750275413
2023-03-18 16:31:23.562,0.8338427784369116,1,0.6676855568738231
2023-03-18 16:43:13.810,0.7997683821552901,1,0.5995367643105802
2023-03-22 18:37:51.054,0.8273319972986749,1,0.6546639945973498
2023-03-22 19:01:37.667,0.8059864200635714,1,0.6119728401271427
2023-03-23 23:28:15.372,0.7793279926599396,1,0.5586559853198791
2023-03-24 21:12:39.468,0.7835838716879018,1,0.5671677433758036
2023-03-26 09:15:42.324,0.8317139747582831,1,0.6634279495165663
2023-03-26 20:37:37.340,0.8203527369769864,1,0.6407054739539728
2023-03-27 15:00:15.025,0.838489411251254,1,0.676978822502508
2023-03-31 14:45:15.667,0.8519611405318049,1,0.7039222810636099
2023-04-02 15:03:56.722,0.8408099518818744,1,0.6816199037637487
2023-04-04 09:25:14.961,0.8482042815124411,1,0.6964085630248822
2023-04-05 14:15:15.869,0.841240068415653,1,0.682480136831306
2023-04-06 08:19:24.675,0.8563272626610374,1,0.7126545253220748
2023-04-07 11:49:33.482,0.8448816371971937,1,0.6897632743943873
2023-04-10 05:32:26.939,0.8114250870986903,1,0.6228501741973806
2023-04-10 16:46:19.613,0.8819324991287576,1,0.7638649982575152
2023-04-12 18:02:18.591,0.8528879874844167,1,0.7057759749688335
2023-04-13 09:00:35.960,0.862976691422089,1,0.725953382844178
2023-04-13 20:06:48.613,0.8568428786140695,1,0.713685757228139
2023-04-14 13:01:50.124,0.8594242415405562,1,0.7188484830811124
2023-04-14 15:06:12.882,0.8592022149818291,1,0.7184044299636583
2023-04-20 06:18:05.279,0.8537511284404675,1,0.707502256880935
2023-04-20 11:34:27.553,0.8175107469428802,1,0.6350214938857603
2023-04-21 17:19:11.453,0.8203548857644253,1,0.6407097715288506
2023-04-24 13:37:48.927,0.827357328011886,1,0.654714656023772
2023-04-25 20:07:56.948,0.8929949239601197,1,0.7859898479202394
2023-04-26 08:26:10.382,0.85504622122923,1,0.71009244245846
2023-04-26 09:41:21.162,0.8667326527979017,1,0.7334653055958034
2023-04-26 20:01:00.778,0.8117313825181913,1,0.6234627650363826
2023-04-26 20:35:03.276,0.8570883415457813,1,0.7141766830915626
2023-04-27 18:27:03.690,0.8885222274281567,1,0.7770444548563133
2023-04-28 19:19:28.533,0.8312640698843262,1,0.6625281397686524
2023-05-01 15:14:34.702,0.8560633243585282,1,0.7121266487170563
2023-05-02 14:18:33.477,0.8433191002568374,1,0.6866382005136749
2023-05-02 19:09:20.660,0.8929290538406076,1,0.7858581076812152
2023-05-06 08:21:59.479,0.8518390052877203,1,0.7036780105754405
2023-05-07 23:12:40.023,0.8252288697398518,1,0.6504577394797035
2023-05-10 00:27:40.778,0.8327284270567556,1,0.6654568541135113
2023-05-12 06:10:55.766,0.8367095164503326,1,0.6734190329006653
2023-05-15 00:16:20.347,0.8160168310949872,1,0.6320336621899745
2023-05-19 15:47:31.381,0.8222564069708513,1,0.6445128139417027
2023-05-22 17:14:18.101,0.8141584464684782,1,0.6283168929369565
2023-05-24 14:07:10.950,0.8554776385448158,1,0.7109552770896317
2023-05-24 15:03:16.182,0.8452819208287905,1,0.690563841657581
2023-05-24 21:06:40.108,0.840448342677236,1,0.680896685354472
2023-05-27 23:43:37.060,0.8899798676084095,1,0.779959735216819
2023-05-28 17:44:09.494,0.85834569132444,1,0.7166913826488801
2023-05-28 23:16:10.174,0.8952906964270295,1,0.790581392854059
2023-05-30 12:00:51.141,0.8748851629065418,1,0.7497703258130837
2023-05-30 14:46:48.234,0.8795002505497151,1,0.7590005010994303
2023-05-31 02:09:24.531,0.8884783988787738,1,0.7769567977575476
2023-05-31 06:01:59.363,0.8289705261322766,1,0.6579410522645532
2023-06-01 19:32:11.242,0.8201114384597504,1,0.6402228769195009
2023-06-05 04:52:03.697,0.8641629488390892,1,0.7283258976781783
2023-06-05 15:20:38.395,0.8396439778829299,1,0.6792879557658598
2023-06-05 16:06:34.397,0.817933569539936,1,0.635867139079872
2023-06-05 22:55:30.618,0.8265195102557579,1,0.6530390205115157
2023-06-06 17:45:53.361,0.8487544113270459,1,0.6975088226540918
2023-06-06 19:51:25.630,0.8480747093747275,1,0.696149418749455
2023-06-07 17:06:05.643,0.8298955671652879,1,0.6597911343305758
2023-06-08 06:44:50.081,0.8251218253696919,1,0.6502436507393838
2023-06-09 13:06:00.694,0.8095478462502551,1,0.6190956925005102
2023-06-09 19:37:01.617,0.8268110759068229,1,0.6536221518136458
2023-06-10 17:03:21.407,0.8512409062610063,1,0.7024818125220127
2023-06-10 17:17:31.191,0.812767162930485,1,0.62553432586097
2023-06-12 02:22:16.061,0.8183734552386006,1,0.6367469104772012
2023-06-13 12:30:20.066,0.8970572123717109,1,0.7941144247434218
2023-06-14 21:12:24.646,0.8433767425828118,1,0.6867534851656236
2023-06-15 07:09:40.288,0.8376206509409685,1,0.675241301881937
2023-06-15 17:58:40.033,0.8261443513358094,1,0.6522887026716189
2023-06-16 17:03:55.031,0.8678024617735655,1,0.7356049235471309
2023-06-18 20:01:24.206,0.8394066214144694,1,0.6788132428289388
2023-06-19 12:23:07.043,0.8179578231576501,1,0.6359156463153002
2023-06-20 16:50:13.165,0.8717865415541065,1,0.743573083108213
2023-06-20 21:43:36.323,0.8865183213031951,1,0.7730366426063902
2023-06-23 15:10:19.367,0.9104216145974927,1,0.8208432291949854
2023-06-24 00:57:21.088,0.8776862053181241,1,0.7553724106362483
2023-06-24 16:07:13.248,0.8424544264367027,1,0.6849088528734053
2023-06-28 02:51:56.855,0.8433000075378095,1,0.6866000150756191
2023-06-30 05:02:29.874,0.8430020623586925,1,0.6860041247173849
2023-07-02 15:24:14.987,0.8547841589162241,1,0.7095683178324481
2023-07-06 06:07:14.680,0.9229030704440249,1,0.8458061408880497
2023-07-07 12:35:27.943,0.8495375664498425,1,0.6990751328996849
2023-07-08 19:27:37.578,0.8847914436103512,1,0.7695828872207024
2023-07-10 15:06:36.681,0.8857157546545746,1,0.7714315093091493
2023-07-12 13:27:22.281,0.8566595695852932,1,0.7133191391705864
2023-07-14 18:21:18.475,0.8887557322468875,1,0.7775114644937751
2023-07-16 14:17:24.149,0.9081346150525402,1,0.8162692301050805
2023-07-17 18:33:41.190,0.8761713304176907,1,0.7523426608353814
2023-07-18 18:53:46.555,0.8546461914558322,1,0.7092923829116644
2023-07-20 05:42:43.023,0.8853726732236592,1,0.7707453464473184
2023-07-26 03:10:15.000,0.8898672754383504,1,0.7797345508767008
2023-07-26 18:44:32.124,0.8748610293772046,1,0.7497220587544091
2023-07-27 09:53:37.518,0.8648171784967794,1,0.7296343569935588
2023-08-01 23:27:23.845,0.9047239326413108,1,0.8094478652826216
2023-08-02 00:28:53.774,0.9033573885390144,1,0.8067147770780287
2023-08-02 16:51:46.624,0.8787873448712095,1,0.7575746897424189
2023-08-03 00:30:33.260,0.9008344206178375,1,0.801668841235675
2023-08-03 13:39:41.752,0.9022347977114176,1,0.8044695954228351
2023-08-03 22:25:23.689,0.8788785265057691,1,0.7577570530115383
2023-08-04 23:55:33.380,0.857772163771495,1,0.71554432754299
2023-08-07 01:30:35.175,0.8648238274707913,1,0.7296476549415827
2023-08-09 06:19:11.074,0.9180674321992687,1,0.8361348643985373
2023-08-09 11:00:52.950,0.9043108237818277,1,0.8086216475636554
2023-08-11 15:11:42.030,0.8995293754740372,1,0.7990587509480744
2023-08-15 16:40:28.941,0.8718537380982088,1,0.7437074761964175
2023-08-17 13:40:37.764,0.870836396371016,1,0.7416727927420319
2023-08-17 15:16:23.760,0.8954449786794801,1,0.7908899573589603
2023-08-17 15:36:26.718,0.8586341941226079,1,0.7172683882452158
2023-08-17 16:04:16.855,0.8464491826390333,1,0.6928983652780667
2023-08-17 20:25:19.502,0.8119469185775887,1,0.6238938371551774
2023-08-18 16:58:56.651,0.7940586211875056,1,0.5881172423750112
2023-08-18 18:40:55.264,0.7947813716744117,1,0.5895627433488233
2023-08-22 14:32:38.890,0.8301873859064853,1,0.6603747718129707
2023-08-22 22:37:48.473,0.8422116148809047,1,0.6844232297618094
2023-08-23 19:41:05.510,0.8848816725382238,1,0.7697633450764476
2023-08-24 09:10:04.897,0.8163102196856711,1,0.6326204393713422
2023-08-24 15:31:41.982,0.8420781115924493,1,0.6841562231848985
2023-08-25 14:16:24.965,0.8309625800274539,1,0.6619251600549079
2023-08-25 14:27:43.392,0.7932131021495725,1,0.586426204299145
2023-08-28 05:32:00.067,0.843832078650529,1,0.687664157301058
2023-08-31 11:42:18.020,0.8854617387225872,1,0.7709234774451743
2023-08-31 13:08:02.561,0.8691584038870908,1,0.7383168077741815
2023-08-31 15:49:18.224,0.8642483139899994,1,0.7284966279799987
2023-08-31 16:52:26.412,0.898300299909347,1,0.796600599818694
2023-09-01 03:40:26.796,0.8201344037416337,1,0.6402688074832674
2023-09-01 14:31:12.286,0.8122481653509643,1,0.6244963307019287
2023-09-01 20:24:56.501,0.8370953935359926,1,0.6741907870719852
2023-09-02 15:10:26.970,0.8713585739013237,1,0.7427171478026473
2023-09-04 15:12:30.640,0.853653291573655,1,0.70730658314731
2023-09-04 21:16:18.714,0.8334223111966819,1,0.6668446223933637
2023-09-08 09:07:49.972,0.8157893051734346,1,0.6315786103468692
2023-09-08 13:34:57.060,0.849703191845041,1,0.6994063836900819
2023-09-10 15:05:00.848,0.8778902672108371,1,0.7557805344216741
2023-09-10 19:58:16.519,0.8563078590681926,1,0.7126157181363852
2023-09-11 10:20:57.522,0.8703513399957012,1,0.7407026799914025
2023-09-11 14:47:59.229,0.8164259565119789,1,0.6328519130239578
2023-09-12 00:56:56.704,0.8282503545453638,1,0.6565007090907276
2023-09-13 14:36:46.307,0.8428145983882346,1,0.6856291967764692
2023-09-14 00:51:08.145,0.8313309442185468,1,0.6626618884370936
2023-09-15 21:13:37.175,0.8199757003786919,1,0.6399514007573839
2023-09-18 10:19:51.248,0.896402774929811,1,0.792805549859622
2023-09-18 11:04:29.152,0.9061889101062819,1,0.8123778202125638
2023-09-19 08:07:31.094,0.8781672109254889,1,0.7563344218509778
2023-09-19 13:58:16.700,0.8938306569878264,1,0.7876613139756528
2023-09-20 16:45:07.263,0.9004758517627708,1,0.8009517035255416
2023-09-21 08:55:06.136,0.8937066785650387,1,0.7874133571300774
2023-09-21 10:16:36.374,0.8546463203170036,1,0.7092926406340072
2023-09-21 13:19:01.102,0.8820420618674787,1,0.7640841237349574
2023-09-24 19:27:11.250,0.8165273455098466,1,0.6330546910196932
2023-09-24 23:27:49.978,0.8372484120453499,1,0.6744968240906999
2023-09-25 12:22:43.949,0.8233625547382885,1,0.6467251094765769
2023-09-25 15:24:10.563,0.855877812921829,1,0.7117556258436579
2023-09-26 13:16:08.018,0.8893480902318991,1,0.7786961804637982
2023-09-27 09:41:18.978,0.8997420406398671,1,0.7994840812797341
2023-09-27 13:48:14.306,0.9167927281040318,1,0.8335854562080636
2023-09-28 15:44:36.027,0.9444891920791112,1,0.8889783841582224
2023-09-28 18:48:00.156,0.8994556067400941,1,0.7989112134801881
2023-09-29 12:11:42.365,0.9020057098628814,1,0.8040114197257628
2023-09-29 18:02:24.548,0.902585793971221,1,0.8051715879424419
2023-10-01 09:29:09.735,0.9483780715140415,1,0.896756143028083
2023-10-01 20:03:59.002,0.8963094786078294,1,0.7926189572156588
2023-10-02 14:00:06.468,0.9320133519958631,1,0.8640267039917262
2023-10-03 23:38:22.995,0.9068809809908955,1,0.8137619619817911
2023-10-04 00:31:52.117,0.8932220160108209,1,0.7864440320216417
2023-10-04 19:02:01.580,0.8998583596685935,1,0.799716719337187
2023-10-04 19:40:23.617,0.8961476204258042,1,0.7922952408516084
2023-10-05 00:58:49.234,0.8870840576170206,1,0.7741681152340412
2023-10-05 13:10:31.995,0.8987209366683122,1,0.7974418733366244
2023-10-06 07:45:25.100,0.9129662051550781,1,0.8259324103101562
2023-10-08 22:14:16.447,0.9068474689775072,1,0.8136949379550145
2023-10-09 02:01:45.675,0.9001971534177037,1,0.8003943068354074
2023-10-09 12:16:00.638,0.9062542136317587,1,0.8125084272635175
2023-10-12 17:06:49.374,0.8677908080818169,1,0.7355816161636337
2023-10-13 21:15:36.242,0.887636668756661,1,0.7752733375133221
2023-10-15 20:41:42.550,0.9203331378421069,1,0.8406662756842138
2023-10-16 13:26:21.048,0.9186490665110187,1,0.8372981330220375
2023-10-16 21:10:05.790,0.8795027568959382,1,0.7590055137918763
2023-10-17 06:31:12.989,0.8580173956597916,1,0.7160347913195833
2023-10-17 10:24:09.114,0.8864256534348848,1,0.7728513068697695
2023-10-18 14:46:59.839,0.8002248593816341,1,0.6004497187632682
2023-10-19 10:09:01.856,0.8408629540370912,1,0.6817259080741824
2023-10-20 08:20:36.610,0.8803352895875715,1,0.7606705791751429
2023-10-20 10:49:26.284,0.8799043964365795,1,0.759808792873159
2023-10-21 09:44:24.544,0.9218366966840787,1,0.8436733933681575
2023-10-21 17:40:42.414,0.9200903626611409,1,0.8401807253222817
2023-10-23 00:50:22.035,0.8962802643299397,1,0.7925605286598794
2023-10-23 17:28:27.571,0.8859092382557193,1,0.7718184765114386
2023-10-23 22:13:02.655,0.9041771697599046,1,0.8083543395198092
2023-10-23 22:40:40.312,0.8753846555790479,1,0.7507693111580958
2023-10-24 15:20:53.990,0.8444015193035656,1,0.6888030386071311
2023-10-24 23:12:55.103,0.8486121164843419,1,0.6972242329686837
2023-10-25 12:24:51.881,0.8431771927044067,1,0.6863543854088134
2023-10-25 15:47:32.050,0.894090101947482,1,0.7881802038949639
2023-10-26 17:02:40.274,0.8414261812097308,1,0.6828523624194616
2023-11-06 05:27:57.193,0.871205587647302,1,0.7424111752946041
2023-11-13 01:13:13.970,0.861673369768765,1,0.7233467395375299
2023-11-13 11:46:15.022,0.8175660626313398,1,0.6351321252626796
2023-11-13 21:14:23.753,0.8173166228988512,1,0.6346332457977024
2023-11-14 14:48:29.329,0.8505321091210908,1,0.7010642182421816
2023-11-15 18:24:54.772,0.8727681654946121,1,0.7455363309892242
2023-11-15 18:47:24.450,0.897598774943007,1,0.795197549886014
2023-11-15 23:56:34.071,0.8837312662589849,1,0.7674625325179698
2023-11-16 05:07:31.034,0.9024606792824226,1,0.8049213585648451
2023-11-16 15:46:47.733,0.9265466342840186,1,0.8530932685680372
2023-11-17 17:03:01.608,0.9126412655312892,1,0.8252825310625784
2023-11-20 17:38:48.018,0.8805701916256066,1,0.7611403832512131
2023-11-21 11:25:24.349,0.8746495478109187,1,0.7492990956218375
2023-11-23 04:10:33.401,0.8590739709345827,1,0.7181479418691654
2023-11-24 07:56:03.318,0.8632903166677451,1,0.7265806333354903
2023-11-26 13:27:12.343,0.8996586114340241,1,0.7993172228680483
2023-11-27 02:37:23.132,0.854944331671394,1,0.7098886633427881
2023-11-27 14:16:41.234,0.8839944753032201,1,0.7679889506064401
2023-12-01 07:14:53.317,0.9051874519604498,1,0.8103749039208996
2023-12-02 19:11:46.679,0.9239207756473066,1,0.8478415512946131
2023-12-02 21:00:00.341,0.9034819807717024,1,0.8069639615434048
2023-12-03 03:08:09.613,0.8798695283588751,1,0.7597390567177502
2023-12-04 05:05:44.082,0.8662819675917902,1,0.7325639351835804
2023-12-04 06:22:42.394,0.8571116380892629,1,0.7142232761785259
2023-12-04 13:08:19.146,0.9002695675394683,1,0.8005391350789366
2023-12-05 16:40:55.248,0.9156489626753053,1,0.8312979253506105
2023-12-05 17:31:23.038,0.8590576912362211,1,0.7181153824724422
2023-12-05 20:27:45.418,0.8471816037681336,1,0.6943632075362671
2023-12-06 02:32:13.739,0.8412410517396305,1,0.682482103479261
2023-12-07 14:35:15.426,0.8865540552171882,1,0.7731081104343764
2023-12-07 17:49:45.274,0.8521318678726466,1,0.7042637357452932
2023-12-10 23:15:46.491,0.8614494934368877,1,0.7228989868737754
2023-12-11 01:45:13.001,0.8487084710841326,1,0.6974169421682652
2023-12-11 02:12:49.459,0.8653947372799671,1,0.7307894745599341
2023-12-11 02:16:19.587,0.8319434613872266,1,0.6638869227744533
2023-12-16 16:37:28.045,0.8607463776848757,1,0.7214927553697514
2023-12-17 08:19:07.060,0.8597308038991638,1,0.7194616077983276
2023-12-17 18:17:11.599,0.8818734704246413,1,0.7637469408492825
2023-12-18 10:26:24.561,0.8921090929516386,1,0.7842181859032773
2023-12-19 01:51:11.009,0.9066990893568756,1,0.8133981787137512
2023-12-21 10:53:18.045,0.8719553750608376,1,0.7439107501216753
2023-12-22 08:00:03.757,0.8257286384264354,1,0.6514572768528708
2023-12-27 20:30:54.668,0.8749928449874221,1,0.7499856899748443
2023-12-28 00:37:34.033,0.8997698591248552,1,0.7995397182497104
2023-12-28 05:11:04.033,0.8585502886338511,1,0.7171005772677022
2023-12-28 23:24:24.254,0.8922899649079545,1,0.7845799298159091
2023-12-29 07:34:56.028,0.8643429023356503,1,0.7286858046713005
2023-12-29 17:10:23.543,0.8829954840612755,1,0.765990968122551
2023-12-31 02:52:23.117,0.869997352049235,1,0.73999470409847
2024-01-02 01:10:36.798,0.856962912593387,1,0.7139258251867739
2024-01-02 08:21:29.398,0.8683114514298935,1,0.736622902859787
2024-01-02 12:58:12.424,0.8378151240458707,1,0.6756302480917413
2024-01-02 20:52:37.641,0.8256821091757006,1,0.6513642183514012
2024-01-03 01:59:22.554,0.8755524498802443,1,0.7511048997604886
2024-01-03 11:54:40.658,0.8403634302063785,1,0.680726860412757
2024-01-03 12:04:07.242,0.8567439833475631,1,0.7134879666951262
2024-01-04 02:58:32.758,0.8860825827068086,1,0.7721651654136172
2024-01-04 14:52:01.097,0.8760466893502428,1,0.7520933787004855
2024-01-04 20:40:06.293,0.8927719030443465,1,0.785543806088693
2024-01-05 01:47:50.793,0.8700394794826128,1,0.7400789589652257
2024-01-05 16:28:20.087,0.8609746023965511,1,0.7219492047931022
2024-01-06 05:52:34.194,0.8743048379104301,1,0.7486096758208602
2024-01-07 14:42:46.054,0.9064423393142161,1,0.8128846786284323
2024-01-07 16:54:56.797,0.8560835061519434,1,0.7121670123038868
2024-01-08 18:35:24.688,0.9010496279666037,1,0.8020992559332074
2024-01-09 00:39:40.949,0.8523448411351622,1,0.7046896822703244
2024-01-09 21:42:41.740,0.8409905280059843,1,0.6819810560119686
2024-01-10 15:24:26.299,0.8357454561286795,1,0.6714909122573589
2024-01-10 21:39:18.924,0.8082357590487353,1,0.6164715180974707
2024-01-12 04:59:11.308,0.7391434928371127,1,0.47828698567422534
2024-01-12 15:23:11.900,0.8025776765988509,1,0.6051553531977019
2024-01-12 17:26:16.371,0.8502454682958304,1,0.7004909365916607
2024-01-12 22:03:31.060,0.9260004049503763,1,0.8520008099007526
2024-01-18 07:30:50.238,0.8682922574501025,1,0.736584514900205
2024-01-18 16:35:11.661,0.8643781768505907,1,0.7287563537011814
2024-01-18 16:54:17.250,0.8564494199198699,1,0.7128988398397398
2024-01-18 17:53:36.830,0.9029269832742447,1,0.8058539665484894
2024-01-19 03:32:52.224,0.8900750226507635,1,0.7801500453015271
2024-01-19 15:33:16.389,0.866370893959001,1,0.732741787918002
2024-01-22 10:28:42.722,0.8803489788353688,1,0.7606979576707376
2024-01-22 12:50:47.190,0.8758206481326822,1,0.7516412962653645
2024-01-22 16:12:37.021,0.8390854538747085,1,0.6781709077494169
2024-01-22 19:30:54.666,0.8709474543062191,1,0.7418949086124382
2024-01-23 00:09:13.651,0.8481129672738735,1,0.6962259345477471
2024-01-23 10:08:20.266,0.8577755158855153,1,0.7155510317710305
2024-01-24 14:59:13.541,0.8782403577403213,1,0.7564807154806426
2024-01-25 11:23:57.741,0.8744254220235582,1,0.7488508440471164
2024-01-25 17:18:07.473,0.8554663217589487,1,0.7109326435178973
2024-01-26 10:40:15.164,0.8837430221958871,1,0.7674860443917741
2024-01-26 16:19:26.529,0.8929125384345898,1,0.7858250768691797
2024-01-30 12:33:15.590,0.8962830408087443,1,0.7925660816174886
2024-01-31 14:37:41.752,0.8714542548653041,1,0.7429085097306083
2024-01-31 20:07:10.784,0.8586766785120329,1,0.7173533570240658
2024-02-01 19:53:32.804,0.9106376153633933,1,0.8212752307267865
2024-02-05 00:47:26.039,0.8393077387515234,1,0.6786154775030468
2024-02-05 10:04:15.043,0.8550446741437818,1,0.7100893482875636
2024-02-07 02:39:38.815,0.9125199422902599,1,0.8250398845805198
2024-02-08 00:03:41.709,0.9132831363450316,1,0.8265662726900631
2024-02-12 19:05:42.412,0.897238924007883,1,0.7944778480157659
2024-02-12 20:45:11.032,0.8988994241972444,1,0.7977988483944889
2024-02-13 14:11:42.348,0.8800729722916819,1,0.7601459445833638
2024-02-13 14:55:36.908,0.8624921377955788,1,0.7249842755911575
2024-02-14 13:40:04.158,0.9165919375205699,1,0.8331838750411398
2024-02-14 15:16:35.022,0.8674629492532802,1,0.7349258985065603
2024-02-14 15:33:38.145,0.8724756376374531,1,0.7449512752749061
2024-02-14 23:06:35.570,0.8712895048108932,1,0.7425790096217864
2024-02-15 10:45:25.101,0.8673599008866042,1,0.7347198017732084
2024-02-16 13:07:10.265,0.889101494786257,1,0.778202989572514
2024-02-17 17:08:23.026,0.901457878798529,1,0.802915757597058
2024-02-18 22:13:54.199,0.899401058668062,1,0.7988021173361239
2024-02-20 00:41:24.876,0.8694611008727802,1,0.7389222017455603
2024-02-20 05:28:25.759,0.8908890434737748,1,0.7817780869475497
2024-02-23 09:50:13.602,0.8705606699486631,1,0.7411213398973262
2024-02-25 02:09:47.945,0.9290562818321838,1,0.8581125636643676
2024-02-26 12:20:57.866,0.8836531303189372,1,0.7673062606378744
2024-02-26 20:05:11.505,0.88523920083319,1,0.7704784016663799
2024-02-27 16:31:24.548,0.8690606688122814,1,0.7381213376245628
2024-02-28 17:05:47.720,0.8646094420376679,1,0.7292188840753357
2024-02-28 17:31:20.618,0.8548575179612669,1,0.7097150359225337
2024-02-28 17:43:43.148,0.8616046855101575,1,0.7232093710203149
2024-03-01 20:56:38.026,0.8551875203018956,1,0.7103750406037912
2024-03-04 00:28:03.683,0.9179438063986506,1,0.8358876127973012
2024-03-04 00:49:42.111,0.8592422800067492,1,0.7184845600134984
2024-03-04 02:42:08.477,0.8552296097081626,1,0.7104592194163253
2024-03-04 22:01:16.037,0.8775121791936147,1,0.7550243583872294
2024-03-04 23:31:42.603,0.8160747736644127,1,0.6321495473288254
2024-03-05 01:11:02.980,0.8380246391813098,1,0.6760492783626195
2024-03-05 04:51:14.511,0.8299815705303707,1,0.6599631410607414
2024-03-05 12:57:10.056,0.9100250516376825,1,0.8200501032753651
2024-03-05 14:46:08.142,0.8725691467272577,1,0.7451382934545154
2024-03-05 15:05:10.116,0.910514086483732,1,0.821028172967464
2024-03-05 19:38:27.844,0.9135419832230033,1,0.8270839664460066
2024-03-05 20:00:35.562,0.8702555836989205,1,0.7405111673978411
2024-03-07 14:33:23.438,0.8648376566451184,1,0.7296753132902367
2024-03-08 15:32:59.449,0.8620315373615165,1,0.724063074723033
2024-03-08 16:14:54.983,0.8768518185058878,1,0.7537036370117756
2024-03-08 16:51:11.856,0.8707105646009213,1,0.7414211292018427
2024-03-08 20:10:18.374,0.8657836363551243,1,0.7315672727102487
2024-03-10 04:21:28.892,0.8732950558191059,1,0.7465901116382119
2024-03-11 11:53:23.243,0.8692661611176975,1,0.738532322235395
2024-03-11 19:07:16.591,0.8637573157829135,1,0.727514631565827
2024-03-12 14:07:14.837,0.8531759488260466,1,0.7063518976520933
2024-03-12 14:37:21.886,0.8204059940177476,1,0.6408119880354952
2024-03-14 15:28:19.782,0.8574841881512728,1,0.7149683763025456
2024-03-14 16:46:26.837,0.8379278516208356,1,0.6758557032416712
2024-03-18 13:48:03.875,0.9071301135630349,1,0.8142602271260697
2024-03-19 07:04:12.909,0.9024379040590469,1,0.8048758081180938
2024-03-19 10:47:52.796,0.9017446621533132,1,0.8034893243066263
2024-03-19 14:32:50.449,0.9029394296763497,1,0.8058788593526993
2024-03-20 19:02:29.398,0.8645665401678194,1,0.7291330803356388
2024-03-23 14:59:38.872,0.8487662949767386,1,0.6975325899534772
2024-03-25 14:53:25.417,0.8576564804834397,1,0.7153129609668794
2024-03-26 07:22:15.033,0.8650990359738543,1,0.7301980719477086
2024-03-26 14:27:42.891,0.8579008355683714,1,0.7158016711367428
2024-04-04 17:52:44.939,0.8889918363882847,1,0.7779836727765694
2024-04-05 05:18:49.131,0.8910225548160046,1,0.7820451096320091
2024-04-05 12:04:27.199,0.9046353266277758,1,0.8092706532555516
2024-04-07 15:27:08.250,0.8529388799094147,1,0.7058777598188295
2024-04-10 22:01:49.593,0.8917956653892356,1,0.7835913307784712
2024-04-11 08:48:47.784,0.8970537002868971,1,0.7941074005737943
2024-04-12 18:32:08.529,0.839086572324241,1,0.678173144648482
2024-04-12 18:40:18.104,0.8715217317837156,1,0.7430434635674312
2024-04-13 20:11:20.647,0.8449929456495984,1,0.6899858912991967
2024-04-16 21:17:47.038,0.8031712656676636,1,0.6063425313353272
2024-04-21 20:11:15.614,0.8407519401078251,1,0.6815038802156501
2024-04-22 01:21:37.793,0.8094086467544499,1,0.6188172935088998
2024-04-22 05:55:52.322,0.8514648802746346,1,0.7029297605492693
2024-04-23 08:25:18.813,0.8059478968834703,1,0.6118957937669407
2024-04-24 14:28:01.129,0.8131585969878472,1,0.6263171939756944
2024-04-25 10:27:43.225,0.8102316349773949,1,0.6204632699547898
2024-04-25 16:04:26.557,0.8136093245798214,1,0.6272186491596428
2024-04-25 21:15:42.311,0.8529704777720046,1,0.7059409555440093
2024-04-26 14:50:56.437,0.8481801007378145,1,0.6963602014756289
2024-04-29 14:26:55.028,0.8820357858059549,1,0.7640715716119098
2024-04-30 11:29:42.760,0.8886429672895617,1,0.7772859345791234
2024-04-30 19:27:25.357,0.8679763615344634,1,0.7359527230689269
2024-05-01 07:26:22.316,0.8602863435495065,1,0.720572687099013
2024-05-01 11:01:41.350,0.894933900179081,1,0.7898678003581621
2024-05-01 15:19:08.677,0.8692966745686038,1,0.7385933491372076
2024-05-02 18:49:02.717,0.8334681781611825,1,0.6669363563223649
2024-05-03 13:35:11.949,0.771371362044399,1,0.5427427240887981
2024-05-05 01:13:24.252,0.8376975800724816,1,0.6753951601449633
2024-05-06 08:18:44.465,0.8988516502131538,1,0.7977033004263077
2024-05-09 10:59:42.913,0.8708503454620645,1,0.741700690924129
2024-05-10 14:22:06.344,0.8560280923685772,1,0.7120561847371545
2024-05-13 06:45:44.813,0.8919813212591362,1,0.7839626425182724
2024-05-15 16:14:38.405,0.9035391255384316,1,0.8070782510768633
2024-05-15 19:40:25.262,0.8565189235705762,1,0.7130378471411525
2024-05-16 22:54:42.966,0.8737322743313674,1,0.7474645486627347
2024-05-20 19:32:13.683,0.8728192888098852,1,0.7456385776197705
2024-05-23 13:39:25.054,0.9017740561036899,1,0.8035481122073798
2024-05-23 14:08:01.042,0.9062398022532122,1,0.8124796045064244
2024-05-24 14:26:52.028,0.8533276738654763,1,0.7066553477309525
2024-05-24 17:55:10.484,0.8418902338508943,1,0.6837804677017887
2024-05-26 22:16:31.109,0.8429305395855715,1,0.685861079171143
2024-06-03 01:12:06.032,0.8697404601410661,1,0.7394809202821322
2024-06-05 00:52:12.515,0.9157925277752285,1,0.8315850555504569
2024-06-06 19:41:27.752,0.8374708473288168,1,0.6749416946576337
2024-06-07 04:00:03.154,0.8351869807275822,1,0.6703739614551645
2024-06-07 19:29:18.811,0.8929033101353866,1,0.7858066202707732
2024-06-10 14:14:12.754,0.896279160619614,1,0.792558321239228
2024-06-11 09:33:20.957,0.9023911821204458,1,0.8047823642408916
2024-06-11 15:41:00.868,0.8967557838935525,1,0.793511567787105
2024-06-11 18:24:09.300,0.8470169052910129,1,0.6940338105820258
2024-06-12 12:30:10.110,0.9060838648986176,1,0.8121677297972352
2024-06-12 18:00:33.443,0.8464586539476072,1,0.6929173078952144
2024-06-12 19:25:15.215,0.8291742569345031,1,0.6583485138690062
2024-06-14 08:47:02.398,0.884552863509878,1,0.7691057270197561
2024-06-14 15:50:06.344,0.859652951818227,1,0.719305903636454
2024-06-14 17:03:22.454,0.8927638068354244,1,0.7855276136708489
2024-06-17 03:56:20.781,0.88092964637136,1,0.7618592927427199
2024-06-17 16:29:56.027,0.8607501428008456,1,0.7215002856016912
2024-06-18 15:00:25.853,0.9135196817011708,1,0.8270393634023416
2024-06-18 19:47:43.209,0.887637279692831,1,0.775274559385662
2024-06-20 11:00:04.607,0.8928378949504543,1,0.7856757899009086
2024-06-23 20:32:34.752,0.9075180236247256,1,0.8150360472494511
2024-06-25 18:14:21.683,0.8644940217792935,1,0.7289880435585869
2024-06-30 19:02:27.031,0.9035271793960539,1,0.8070543587921077
2024-06-30 22:28:09.036,0.9088703822165066,1,0.8177407644330132
2024-07-01 17:45:46.794,0.9275537712104325,1,0.855107542420865
2024-07-03 01:55:34.365,0.8619511235972659,1,0.7239022471945318
2024-07-03 03:11:24.797,0.8745201682139372,1,0.7490403364278744
2024-07-03 11:50:26.677,0.8880188266369298,1,0.7760376532738595
2024-07-03 13:35:11.276,0.9090504355989306,1,0.8181008711978612
2024-07-05 03:16:25.679,0.8880730577589296,1,0.7761461155178593
2024-07-05 15:04:46.530,0.8687446475927009,1,0.7374892951854017
2024-07-05 17:32:12.437,0.8486777581425494,1,0.6973555162850988
2024-07-06 13:49:13.328,0.8501130571449149,1,0.7002261142898298
2024-07-07 23:41:32.258,0.8592820908103611,1,0.7185641816207222
2024-07-08 00:40:59.671,0.8829972079381976,1,0.7659944158763952
2024-07-09 18:45:39.030,0.8485050837130433,1,0.6970101674260867
2024-07-10 12:33:26.656,0.8213666046622878,1,0.6427332093245757
2024-07-11 12:31:07.885,0.8677365822777846,1,0.7354731645555692
2024-07-11 13:51:09.953,0.8387748582509097,1,0.6775497165018194
2024-07-11 15:57:09.330,0.8675404038026472,1,0.7350808076052944
2024-07-12 01:16:00.106,0.8812592539757167,1,0.7625185079514334
2024-07-12 18:44:34.679,0.8626222565390901,1,0.7252445130781802
2024-07-13 09:55:40.657,0.873260801803882,1,0.746521603607764
2024-07-14 05:26:15.417,0.7812711075164976,1,0.5625422150329953
2024-07-15 00:55:11.091,0.8932742640300262,1,0.7865485280600524
2024-07-15 20:59:46.194,0.8679176026129398,1,0.7358352052258796
2024-07-15 23:56:23.400,0.8618498793018903,1,0.7236997586037806
2024-07-16 23:29:40.712,0.8480552352834353,1,0.6961104705668706
2024-07-18 02:01:13.022,0.842749342438922,1,0.6854986848778439
2024-07-19 16:01:12.919,0.9175198554088144,1,0.8350397108176288
2024-07-21 20:23:36.505,0.8263528468531111,1,0.6527056937062221
2024-07-24 14:31:35.272,0.9024644809082071,1,0.8049289618164142
2024-07-24 16:19:40.070,0.8936035794501143,1,0.7872071589002285
2024-07-24 18:49:44.472,0.8602262059808212,1,0.7204524119616424
2024-07-25 01:09:16.172,0.8726126629115467,1,0.7452253258230934
2024-07-25 14:05:28.221,0.8572341090054072,1,0.7144682180108144
2024-07-25 21:09:05.734,0.8477905469480005,1,0.695581093896001
2024-07-27 17:20:52.176,0.855240562905471,1,0.710481125810942
2024-07-29 14:04:42.793,0.8701196495905115,1,0.7402392991810229
2024-07-30 00:21:04.751,0.8870103073634159,1,0.7740206147268318
2024-07-30 07:14:39.932,0.8411218676003867,1,0.6822437352007733
2024-07-30 19:27:52.354,0.8217109698652455,1,0.643421939730491
2024-08-02 16:45:13.049,0.9087725820429539,1,0.8175451640859077
2024-08-04 00:16:00.215,0.8802736996997276,1,0.7605473993994551
2024-08-05 01:17:32.730,0.7866725431076511,1,0.5733450862153022
2024-08-05 06:52:18.950,0.7735954203666273,1,0.5471908407332546
2024-08-05 16:15:55.844,0.680614772323855,1,0.36122954464771007
2024-08-08 21:42:46.113,0.7336344860646491,1,0.4672689721292982
2024-08-10 01:10:32.729,0.8312396952878838,1,0.6624793905757675
2024-08-12 06:52:16.024,0.8345190126609273,1,0.6690380253218546
2024-08-12 14:14:33.133,0.7795244483139397,1,0.5590488966278795
2024-08-15 01:57:41.950,0.8601468187456389,1,0.7202936374912778
2024-08-15 19:12:52.012,0.8599950393231353,1,0.7199900786462705
2024-08-16 02:33:04.996,0.8361637180424335,1,0.672327436084867
2024-08-16 13:17:00.944,0.8150828839625465,1,0.6301657679250929
2024-08-16 15:36:04.828,0.8046306259680176,1,0.6092612519360352
2024-08-21 13:59:30.027,0.8713044355606225,1,0.7426088711212451
2024-08-24 00:41:10.434,0.817463781650037,1,0.6349275633000739
2024-08-25 21:36:36.718,0.7705115487624641,1,0.5410230975249282
2024-08-26 02:11:53.383,0.8399232656238126,1,0.6798465312476252
2024-08-26 23:55:13.040,0.8340377611374765,1,0.668075522274953
2024-08-29 15:17:05.076,0.8181252093451843,1,0.6362504186903686
2024-08-30 16:27:35.830,0.8738696171617234,1,0.7477392343234468
2024-09-01 16:22:53.536,0.877442125248421,1,0.754884250496842
2024-09-02 20:55:01.578,0.8842125111818152,1,0.7684250223636304
2024-09-03 08:21:25.300,0.8098740894260569,1,0.6197481788521138
2024-09-03 23:54:40.030,0.8714977124792904,1,0.7429954249585808
2024-09-04 01:00:30.403,0.8687841294628096,1,0.7375682589256192
2024-09-05 14:08:43.712,0.877616006136131,1,0.755232012272262
2024-09-05 15:01:08.812,0.8884221438407014,1,0.7768442876814028
2024-09-06 12:32:35.388,0.8538668164107891,1,0.7077336328215782
2024-09-07 12:34:25.124,0.8620872281758876,1,0.7241744563517751
2024-09-09 13:17:23.371,0.8406705333056528,1,0.6813410666113056
2024-09-09 21:15:12.583,0.8158404448986976,1,0.6316808897973951
2024-09-11 06:03:15.993,0.8871102942828252,1,0.7742205885656503
2024-09-11 13:06:47.725,0.8826943518218604,1,0.7653887036437208
2024-09-12 13:47:46.986,0.8731800832754166,1,0.7463601665508333
2024-09-12 14:49:41.274,0.8345999038791574,1,0.6691998077583148
2024-09-13 21:10:25.143,0.8767243443643097,1,0.7534486887286194
2024-09-16 13:22:45.180,0.8853321542659912,1,0.7706643085319824
2024-09-16 23:47:58.382,0.8604034159283092,1,0.7208068318566183
2024-09-17 00:59:43.998,0.8393940751892511,1,0.6787881503785023
2024-09-17 12:44:21.834,0.8429035795405111,1,0.6858071590810222
2024-09-17 19:22:21.026,0.8402039742366442,1,0.6804079484732883
2024-09-18 18:13:14.057,0.827529159965167,1,0.6550583199303339
2024-09-18 19:57:32.810,0.8849289738200261,1,0.7698579476400522
2024-09-18 21:37:16.035,0.8381445632980202,1,0.6762891265960405
2024-09-21 23:52:21.521,0.8638124481088428,1,0.7276248962176857
2024-09-22 10:24:29.288,0.8280408978871651,1,0.6560817957743301
2024-09-22 20:42:06.010,0.846399743588641,1,0.692799487177282
2024-09-22 22:07:03.269,0.8565800516622968,1,0.7131601033245936
2024-09-22 22:39:04.991,0.8087507045282223,1,0.6175014090564446
2024-09-24 02:12:56.085,0.8465656770426452,1,0.6931313540852904
2024-09-24 14:29:33.291,0.8505235994298844,1,0.7010471988597688
2024-09-24 17:25:44.654,0.8274146463233172,1,0.6548292926466344
2024-09-26 14:58:00.269,0.8998149451497229,1,0.7996298902994459
2024-09-27 06:21:07.231,0.8680753362552545,1,0.7361506725105089
2024-09-27 14:11:08.943,0.8914278750266014,1,0.7828557500532027
2024-09-28 12:43:00.247,0.8328624997470025,1,0.6657249994940051
2024-09-30 18:22:21.743,0.8880731344598544,1,0.7761462689197087
2024-10-01 01:13:05.443,0.874644612107573,1,0.7492892242151461
2024-10-01 15:03:54.033,0.883278676282843,1,0.7665573525656859
2024-10-02 15:35:14.040,0.8696506150258154,1,0.7393012300516308
2024-10-03 20:31:49.162,0.8538025452929957,1,0.7076050905859914
2024-10-04 21:16:11.488,0.8764404627676569,1,0.7528809255353137
2024-10-08 13:38:38.634,0.8545386291192143,1,0.7090772582384286
2024-10-09 12:38:14.034,0.8316584795595638,1,0.6633169591191277
2024-10-09 18:14:35.131,0.8502937243060402,1,0.7005874486120804
2024-10-10 10:08:08.759,0.8661616707985378,1,0.7323233415970756
2024-10-10 13:49:08.933,0.8711237911146812,1,0.7422475822293624
2024-10-10 16:57:22.468,0.8531445408917652,1,0.7062890817835303
2024-10-11 15:57:07.742,0.9343245649562889,1,0.8686491299125778
2024-10-12 14:48:41.668,0.9098825662347382,1,0.8197651324694764
2024-10-15 00:43:58.611,0.8788728513102875,1,0.757745702620575
2024-10-16 01:27:31.357,0.8834481006175331,1,0.7668962012350662
2024-10-16 11:21:57.031,0.8739456464848128,1,0.7478912929696255
2024-10-17 13:36:02.716,0.8847462538561613,1,0.7694925077123227
2024-10-17 18:10:12.797,0.8448975846551448,1,0.6897951693102895
2024-10-18 01:15:25.281,0.8320779256600607,1,0.6641558513201213
2024-10-18 15:30:28.589,0.8458537324804958,1,0.6917074649609916
2024-10-20 20:52:25.564,0.8564423414019809,1,0.7128846828039619
2024-10-21 19:54:21.758,0.8222095284231653,1,0.6444190568463306
2024-10-22 13:53:26.206,0.8139188765913464,1,0.6278377531826929
2024-10-22 14:55:15.099,0.8150808193857848,1,0.6301616387715696
2024-10-23 07:37:14.390,0.8272982608029745,1,0.654596521605949
2024-10-23 18:04:05.799,0.8613704028374505,1,0.722740805674901
2024-10-23 18:51:30.287,0.8536304369096507,1,0.7072608738193014
2024-10-27 13:03:56.067,0.839321464649282,1,0.6786429292985641
2024-10-28 07:13:23.823,0.8857722427507476,1,0.7715444855014952
2024-10-28 13:29:03.190,0.8950792442333096,1,0.7901584884666193
2024-10-28 15:20:31.728,0.8837666659399833,1,0.7675333318799666
2024-10-28 19:06:56.284,0.8601862796085922,1,0.7203725592171843
2024-10-29 11:40:09.103,0.8729584625187724,1,0.7459169250375448
2024-10-29 14:22:22.984,0.8525944788325879,1,0.7051889576651758
2024-10-29 15:22:27.973,0.8600770762474733,1,0.7201541524949466
2024-10-29 22:57:59.894,0.8927292226500271,1,0.7854584453000542
2024-10-30 20:03:05.255,0.8847311443880778,1,0.7694622887761555
2024-10-30 20:13:21.731,0.8845047039998478,1,0.7690094079996956
2024-10-30 20:44:23.507,0.876565862327423,1,0.7531317246548459
2024-10-31 08:26:12.037,0.851697326730293,1,0.7033946534605859
2024-10-31 15:59:29.596,0.86019531698801,1,0.72039063397602
2024-11-03 19:55:30.575,0.8680437244639324,1,0.7360874489278648
2024-11-04 16:39:32.459,0.882083132621794,1,0.7641662652435881
2024-11-05 17:19:17.251,0.9279203945454106,1,0.8558407890908213
2024-11-06 00:28:41.487,0.8579040957278945,1,0.715808191455789
2024-11-06 20:57:22.914,0.8862466363461478,1,0.7724932726922955
2024-11-07 18:33:04.011,0.8645162035787368,1,0.7290324071574736
2024-11-08 03:03:48.132,0.8987280571264876,1,0.7974561142529752
2024-11-08 15:24:27.329,0.8562202923120953,1,0.7124405846241906
2024-11-09 16:22:08.288,0.8179714945785664,1,0.6359429891571329
2024-11-09 23:36:38.707,0.798093149400864,1,0.5961862988017279
2024-11-10 11:21:12.244,0.8516380703073233,1,0.7032761406146466
2024-11-11 19:48:22.360,0.8561317327608768,1,0.7122634655217537
2024-11-11 20:51:42.073,0.8521513438815426,1,0.7043026877630851
2024-11-12 18:26:44.154,0.8801679192856038,1,0.7603358385712076
2024-11-12 23:56:32.321,0.8556432487253868,1,0.7112864974507735
2024-11-13 21:04:41.357,0.8516895675155102,1,0.7033791350310203
2024-11-14 10:08:36.226,0.8758445770428709,1,0.7516891540857418
2024-11-14 20:37:41.973,0.8955193958113025,1,0.7910387916226049
2024-11-15 02:47:59.728,0.8667082625803505,1,0.733416525160701
2024-11-15 15:20:23.023,0.8143790561699901,1,0.6287581123399801
2024-11-17 02:14:38.177,0.8524222836302443,1,0.7048445672604886
2024-11-17 09:16:49.240,0.8084403655267971,1,0.6168807310535942
2024-11-17 21:36:03.600,0.8227807532386321,1,0.6455615064772642
2024-11-21 00:43:43.629,0.8618538463974806,1,0.7237076927949613
2024-11-21 04:56:55.301,0.8223584221381979,1,0.6447168442763958
2024-11-21 14:42:52.881,0.8151993610226588,1,0.6303987220453175
2024-11-22 07:31:02.020,0.8302011574072106,1,0.6604023148144211
2024-11-22 13:25:52.946,0.8363501421589465,1,0.6727002843178931
2024-11-22 15:38:07.019,0.8507653763132529,1,0.7015307526265058
2024-11-25 09:22:41.498,0.8839532392974632,1,0.7679064785949263
2024-11-25 19:23:44.132,0.866819505337586,1,0.733639010675172
2024-11-25 23:07:39.102,0.8769705921886605,1,0.7539411843773209
2024-11-27 13:44:58.532,0.8358224332376457,1,0.6716448664752914
2024-11-27 15:43:21.731,0.8135577190508022,1,0.6271154381016044
2024-11-27 20:17:57.025,0.8206771511105021,1,0.6413543022210042
2024-11-28 03:06:49.866,0.8040479531303201,1,0.6080959062606401
2024-11-28 14:08:52.489,0.85674964464324,1,0.71349928928648
2024-11-28 20:41:24.021,0.8606872216698186,1,0.7213744433396372
2024-12-02 16:42:07.669,0.8626589786897362,1,0.7253179573794724
2024-12-03 14:50:09.720,0.8826403477480931,1,0.7652806954961862
2024-12-04 01:42:02.754,0.8678071337606914,1,0.7356142675213828
2024-12-04 16:18:07.344,0.8689910527017224,1,0.7379821054034448
2024-12-05 03:04:54.021,0.7763901950532779,1,0.5527803901065558
2024-12-05 14:52:30.716,0.8068590502389041,1,0.6137181004778083
2024-12-05 19:47:07.011,0.8388242189367947,1,0.6776484378735894
2024-12-06 17:40:38.499,0.8236651108373487,1,0.6473302216746974
2024-12-06 20:22:02.470,0.7877599471945664,1,0.5755198943891329
2024-12-09 12:03:14.404,0.818283689771158,1,0.6365673795423159
2024-12-09 14:57:33.966,0.8164662691516442,1,0.6329325383032884
2024-12-11 09:13:20.448,0.7794559575271226,1,0.5589119150542452
2024-12-16 03:05:14.225,0.8362137272945572,1,0.6724274545891145
2024-12-16 13:01:43.159,0.8568064398886084,1,0.7136128797772168
2024-12-16 16:11:15.952,0.8749204238794109,1,0.7498408477588219
2024-12-17 15:15:35.524,0.8685300515307169,1,0.7370601030614339
2024-12-17 17:20:57.024,0.8400805274419669,1,0.6801610548839339
2024-12-17 22:46:05.429,0.8516791606119839,1,0.7033583212239678
2024-12-18 16:16:56.279,0.829320572336617,1,0.6586411446732341
2024-12-18 19:59:09.906,0.8569574651489051,1,0.7139149302978103
2024-12-19 17:33:31.098,0.8772116751973631,1,0.7544233503947262
2024-12-19 21:33:37.028,0.8934341167921052,1,0.7868682335842103
2024-12-21 05:47:46.337,0.802624846432817,1,0.6052496928656339
2024-12-23 00:18:34.007,0.8484295513581267,1,0.6968591027162534
2024-12-23 14:49:31.817,0.8550661450592625,1,0.710132290118525
2024-12-26 04:35:10.034,0.8582709166010292,1,0.7165418332020583
2024-12-28 17:41:17.029,0.8399742719524421,1,0.6799485439048842
2024-12-29 23:02:08.117,0.8425468721168738,1,0.6850937442337477
2025-01-02 16:33:56.194,0.8259476796798515,1,0.651895359359703
2025-01-05 23:07:34.239,0.8714506321785866,1,0.7429012643571733
2025-01-06 02:05:56.636,0.8837307884569919,1,0.7674615769139839
2025-01-06 14:48:54.026,0.8731750810624844,1,0.7463501621249689
2025-01-09 07:33:05.188,0.8910426471237042,1,0.7820852942474084
2025-01-16 14:44:08.121,0.8470584935767277,1,0.6941169871534554
2025-01-17 10:59:07.962,0.8479503720991086,1,0.6959007441982172
2025-01-18 16:38:45.632,0.8792183131048712,1,0.7584366262097424
2025-01-19 02:35:53.723,0.8649236939882448,1,0.7298473879764895
2025-01-19 09:51:23.276,0.8595201864016905,1,0.719040372803381
2025-01-19 21:28:08.552,0.8806936618911358,1,0.7613873237822717
2025-01-19 22:47:05.681,0.850141577338262,1,0.700283154676524
2025-01-19 23:26:35.726,0.8137026890915232,1,0.6274053781830464
2025-01-20 01:46:45.952,0.7625204406382174,1,0.5250408812764349
2025-01-20 17:05:59.036,0.7792072254603783,1,0.5584144509207567
2025-01-21 00:53:28.512,0.7581448434655005,1,0.516289686931001
2025-01-23 20:20:14.091,0.7641769304472587,1,0.5283538608945173
2025-01-24 09:23:53.981,0.7779354178848684,1,0.5558708357697368
2025-01-27 06:45:23.039,0.8466535063463494,1,0.6933070126926988
2025-02-02 11:28:51.722,0.8311247142049155,1,0.662249428409831
2025-02-03 00:43:10.510,0.845771431909785,1,0.69154286381957
2025-02-03 01:55:35.979,0.8314090701501137,1,0.6628181403002273
2025-02-03 02:07:45.011,0.763515872900457,1,0.5270317458009139
2025-02-03 02:12:10.753,0.7857453152280146,1,0.5714906304560292
2025-02-03 15:11:24.042,0.719100133423424,1,0.4382002668468481
2025-02-04 19:15:49.472,0.8251519942844411,1,0.6503039885688822
2025-02-04 20:26:50.240,0.8547734748834221,1,0.7095469497668443
2025-02-09 21:43:59.732,0.8194057975907885,1,0.6388115951815769
2025-02-10 05:57:22.330,0.8120269258761872,1,0.6240538517523744
2025-02-11 05:58:43.829,0.8472165790806693,1,0.6944331581613385
2025-02-13 21:36:51.737,0.8792789100284877,1,0.7585578200569754
2025-02-18 14:50:01.126,0.8840912755445012,1,0.7681825510890024
2025-02-18 17:41:29.045,0.8424050913892022,1,0.6848101827784043
2025-02-18 19:07:26.755,0.8305499826812319,1,0.6610999653624638
2025-02-24 22:10:31.596,0.8318519600760741,1,0.6637039201521482
2025-02-25 03:05:37.656,0.8342797321794815,1,0.668559464358963
2025-02-25 07:25:07.206,0.8323931977737128,1,0.6647863955474256
2025-02-25 07:54:01.053,0.8575952464264065,1,0.715190492852813
2025-02-25 10:38:36.049,0.857907212237399,1,0.7158144244747979
2025-02-25 15:35:07.527,0.859929739491865,1,0.71985947898373
2025-02-25 16:44:48.209,0.8725988493701338,1,0.7451976987402675
2025-02-26 03:13:01.237,0.8760587881710878,1,0.7521175763421757
2025-02-27 14:47:59.778,0.8053345599834085,1,0.610669119966817
2025-02-27 19:32:22.314,0.8768840159332034,1,0.7537680318664068
2025-02-28 02:32:02.093,0.803958276768179,1,0.607916553536358
2025-02-28 03:04:57.051,0.8601522127012836,1,0.7203044254025672
2025-02-28 07:37:05.581,0.8454181405837934,1,0.6908362811675868
2025-02-28 16:43:34.338,0.7827790962321232,1,0.5655581924642463
2025-03-03 06:49:06.296,0.8257302930804138,1,0.6514605861608276
2025-03-03 13:55:32.381,0.8330739504162975,1,0.666147900832595
2025-03-04 14:38:00.892,0.795910924372326,1,0.591821848744652
2025-03-04 15:03:18.307,0.832911771118478,1,0.6658235422369561
2025-03-05 15:41:48.739,0.7296246327147449,1,0.45924926542948974
2025-03-06 02:01:36.917,0.7735596912096505,1,0.547119382419301
2025-03-07 20:56:53.604,0.797802521155436,1,0.5956050423108721
2025-03-09 17:57:22.309,0.8090495599416668,1,0.6180991198833337
2025-03-10 09:21:50.287,0.8228037600024212,1,0.6456075200048423
2025-03-10 14:43:44.164,0.8242222991015742,1,0.6484445982031484
2025-03-10 20:56:55.164,0.8604626107082072,1,0.7209252214164144
2025-03-13 15:15:56.320,0.8177385969783616,1,0.6354771939567232
2025-03-13 23:08:04.061,0.8527760213129261,1,0.7055520426258521
2025-03-20 02:36:18.673,0.8376746417541481,1,0.6753492835082961
2025-03-22 13:01:00.002,0.8695738461135243,1,0.7391476922270486
2025-03-23 22:15:46.973,0.8693263241607793,1,0.7386526483215585
2025-03-24 10:59:48.409,0.8906101359205006,1,0.7812202718410013
2025-03-26 11:12:22.641,0.855017060390104,1,0.7100341207802079
2025-03-26 13:58:19.924,0.8473447250394263,1,0.6946894500788525
2025-03-27 13:18:49.973,0.8545652823259955,1,0.709130564651991
2025-03-29 06:20:34.063,0.8562546252651845,1,0.712509250530369
2025-03-29 11:01:09.922,0.8388930165677243,1,0.6777860331354486
2025-03-30 22:08:46.508,0.8662631626353413,1,0.7325263252706826
2025-03-31 13:32:40.987,0.7995964144742378,1,0.5991928289484756
2025-04-04 15:04:17.440,0.8125933489049518,1,0.6251866978099037
2025-04-04 17:39:10.066,0.864157284310423,1,0.7283145686208461
2025-04-05 12:40:24.437,0.8929938312197512,1,0.7859876624395024
2025-04-07 06:25:33.345,0.7992277353763604,1,0.5984554707527208
2025-04-07 14:36:41.638,0.7479703745668623,1,0.49594074913372466
2025-04-09 01:13:36.130,0.8414576767540224,1,0.6829153535080448
2025-04-09 02:01:04.461,0.8544361677194044,1,0.7088723354388089
2025-04-09 06:14:45.226,0.8212444861707252,1,0.6424889723414504
2025-04-09 11:03:50.363,0.8584773723207416,1,0.7169547446414832
2025-04-09 13:51:43.970,0.8604434940676579,1,0.7208869881353157
2025-04-10 15:13:41.138,0.802080161270665,1,0.6041603225413299
2025-04-11 01:52:22.625,0.8362414363067086,1,0.6724828726134171
2025-04-13 01:15:19.051,0.8196525187070073,1,0.6393050374140146
2025-04-13 12:21:45.028,0.8561130984178278,1,0.7122261968356556
2025-04-13 20:48:46.665,0.853053479580443,1,0.706106959160886
2025-04-14 02:46:51.544,0.8608026990587226,1,0.7216053981174453
2025-04-14 14:41:41.879,0.8373778364496272,1,0.6747556728992543
2025-04-17 18:13:23.253,0.8543124057840183,1,0.7086248115680367
2025-04-18 16:02:31.249,0.8682890438772388,1,0.7365780877544776
2025-04-21 14:14:11.705,0.8526487955929231,1,0.7052975911858461
2025-04-22 13:41:43.834,0.8949245600416416,1,0.7898491200832831
2025-04-22 14:47:06.272,0.8888630635140818,1,0.7777261270281637
2025-04-22 21:49:27.307,0.8478250491236871,1,0.6956500982473741
2025-04-23 06:59:30.160,0.8480351812212625,1,0.6960703624425251
2025-04-23 15:58:01.026,0.8911316321987973,1,0.7822632643975946
2025-04-24 13:31:38.836,0.8671734455561164,1,0.7343468911122328
2025-04-25 01:19:05.125,0.8639075487924952,1,0.7278150975849904
2025-04-25 11:24:52.871,0.8688878816052945,1,0.737775763210589
2025-04-25 18:10:56.897,0.853506505825939,1,0.707013011651878
2025-04-26 09:47:23.045,0.8555343340478798,1,0.7110686680957596
2025-04-27 05:41:45.298,0.8678407549811302,1,0.7356815099622604
2025-04-29 01:46:49.324,0.864894579746429,1,0.729789159492858
2025-04-29 05:47:31.738,0.8566086877217626,1,0.7132173754435251
2025-04-29 14:40:59.781,0.8381261420552878,1,0.6762522841105756
2025-04-29 22:40:28.139,0.8288073046814411,1,0.6576146093628823
2025-04-30 13:44:04.152,0.8441197098453386,1,0.6882394196906771
2025-05-01 22:49:25.139,0.854030637720274,1,0.708061275440548
2025-05-03 23:37:43.546,0.8958544334979744,1,0.7917088669959489
2025-05-04 17:38:21.643,0.905740026047915,1,0.8114800520958301
2025-05-05 01:31:51.846,0.8612039458647454,1,0.7224078917294907
2025-05-05 05:55:20.346,0.8856465759724101,1,0.7712931519448203
2025-05-05 14:34:11.739,0.8265945196608527,1,0.6531890393217055
2025-05-05 20:37:54.835,0.8546085598518309,1,0.7092171197036619
2025-05-05 22:10:59.655,0.8480946375866797,1,0.6961892751733594
2025-05-06 08:30:24.925,0.8584133312434579,1,0.7168266624869157
2025-05-08 00:59:21.827,0.868014715849124,1,0.7360294316982481
2025-05-08 20:29:28.991,0.8493928402377594,1,0.6987856804755188
2025-05-09 13:47:39.143,0.8585332777650426,1,0.7170665555300852
2025-05-11 22:44:13.430,0.8664395801353252,1,0.7328791602706504
2025-05-12 00:31:25.468,0.8517831415283685,1,0.7035662830567371
2025-05-12 01:39:23.294,0.8931879833352845,1,0.786375966670569
2025-05-12 07:00:54.667,0.8486014047794723,1,0.6972028095589446
2025-05-12 20:43:02.245,0.8683090402769946,1,0.7366180805539893
2025-05-15 14:48:12.144,0.8209810469019325,1,0.641962093803865
2025-05-15 15:32:43.935,0.888470823971564,1,0.7769416479431279
2025-05-20 11:26:47.080,0.8828988328330077,1,0.7657976656660155
2025-05-20 15:39:35.498,0.891412941504748,1,0.7828258830094961
2025-05-22 12:34:27.164,0.869921925262155,1,0.7398438505243099
2025-05-26 01:00:23.558,0.891413383064402,1,0.782826766128804
2025-05-26 17:48:09.211,0.914983683023813,1,0.8299673660476261
2025-05-26 22:13:45.288,0.8813342641699098,1,0.7626685283398196
2025-05-28 13:57:17.032,0.8931239159901142,1,0.7862478319802284
2025-05-28 23:11:41.012,0.8967177241348323,1,0.7934354482696646
2025-05-30 00:58:10.107,0.8244451289661255,1,0.6488902579322511
2025-05-30 16:32:42.219,0.8562625070210034,1,0.7125250140420067
2025-05-31 01:34:43.632,0.8398359497411196,1,0.6796718994822393
2025-06-01 12:36:25.140,0.8843270101806684,1,0.7686540203613368
2025-06-05 06:24:19.927,0.8502975144625788,1,0.7005950289251577
2025-06-06 00:55:57.776,0.873205312848408,1,0.7464106256968159
2025-06-06 14:46:22.476,0.8745191981697437,1,0.7490383963394873
2025-06-07 11:05:32.630,0.9205059383302576,1,0.8410118766605152
2025-06-11 14:17:04.832,0.855727166610946,1,0.7114543332218921
2025-06-11 22:24:03.963,0.883873501031748,1,0.767747002063496
2025-06-12 03:20:17.356,0.8981096201756125,1,0.7962192403512249
2025-06-12 14:07:13.234,0.8720620422876546,1,0.7441240845753092
2025-06-12 20:00:31.942,0.8616371794068618,1,0.7232743588137236
2025-06-13 00:02:32.609,0.8880038530957234,1,0.7760077061914468
2025-06-13 01:11:24.627,0.8561573223591105,1,0.7123146447182209
2025-06-13 03:32:19.463,0.8892066455414369,1,0.7784132910828738
2025-06-16 02:32:05.779,0.8711861888630349,1,0.7423723777260698
2025-06-16 14:33:23.115,0.8774000847278866,1,0.7548001694557731
2025-06-18 17:00:04.758,0.8729876342676642,1,0.7459752685353285
2025-06-18 23:49:52.051,0.8738008615278993,1,0.7476017230557985
2025-06-19 16:57:11.461,0.9143614670704362,1,0.8287229341408724
2025-06-19 23:15:57.510,0.8869582290186226,1,0.7739164580372453
2025-06-20 13:51:20.663,0.8730765333862864,1,0.7461530667725729
2025-06-21 23:58:03.663,0.8949369412915342,1,0.7898738825830685
2025-06-22 00:34:45.718,0.9035692713018236,1,0.8071385426036473
2025-06-22 13:16:39.668,0.8678380672410445,1,0.735676134482089
2025-06-23 22:08:41.466,0.817945139105521,1,0.635890278211042
2025-06-24 16:59:51.037,0.8908468738419532,1,0.7816937476839063
2025-06-25 17:41:03.664,0.8574366151913689,1,0.7148732303827379
2025-06-26 13:39:59.394,0.8690663623692405,1,0.738132724738481
2025-06-26 20:44:57.633,0.8202439048599781,1,0.6404878097199562
2025-06-27 00:49:38.201,0.8582489894744434,1,0.7164979789488868
2025-06-27 14:17:18.874,0.845002634752009,1,0.690005269504018
2025-06-29 08:37:29.423,0.8493320705376125,1,0.698664141075225
2025-06-29 11:55:56.834,0.86411325866996,1,0.72822651733992
2025-07-08 15:21:35.539,0.8857365128541055,1,0.771473025708211
2025-07-09 18:42:08.609,0.8974967030289577,1,0.7949934060579154
2025-07-10 15:58:02.491,0.8987103717195999,1,0.7974207434391998
2025-07-11 18:47:15.453,0.8822672578897538,1,0.7645345157795076
2025-07-13 12:31:31.828,0.8895176981424389,1,0.7790353962848777
2025-07-14 02:26:23.354,0.8993633603196411,1,0.7987267206392823
2025-07-15 03:10:11.655,0.9161779990240401,1,0.8323559980480801
2025-07-15 04:09:46.634,0.8826861519171642,1,0.7653723038343283
2025-07-15 11:18:20.169,0.8882129209342166,1,0.7764258418684331
2025-07-15 13:06:03.389,0.9238306983506935,1,0.8476613967013871
2025-07-15 14:39:20.519,0.8898608714826628,1,0.7797217429653256
2025-07-16 15:28:30.383,0.9009481014684352,1,0.8018962029368704
2025-07-16 20:50:19.698,0.8956390059125291,1,0.7912780118250582
2025-07-17 01:47:57.475,0.8729646611053,1,0.7459293222106
2025-07-17 15:51:46.960,0.8750788957155363,1,0.7501577914310726
2025-07-18 20:27:49.183,0.9155449500907734,1,0.8310899001815468
2025-07-20 15:57:08.832,0.926427035275731,1,0.852854070551462
2025-07-20 22:01:03.184,0.8954692126587447,1,0.7909384253174894
2025-07-22 16:19:59.557,0.8890310732846044,1,0.7780621465692088
2025-07-24 07:54:51.784,0.8702214803715789,1,0.7404429607431577
2025-07-25 03:33:12.306,0.9014487179061816,1,0.8028974358123633
2025-07-25 07:53:06.710,0.9095236026834081,1,0.8190472053668163
2025-07-25 14:16:02.541,0.8856394606111002,1,0.7712789212222004
2025-07-28 13:55:23.326,0.8855114128381626,1,0.7710228256763252
2025-07-28 18:32:23.756,0.8910999737948021,1,0.7821999475896042
2025-07-29 00:29:49.578,0.8917666273028361,1,0.7835332546056721
2025-07-29 03:48:04.390,0.864502030633498,1,0.7290040612669959
2025-07-30 07:21:56.002,0.9000472950235566,1,0.8000945900471133
2025-08-01 18:12:40.792,0.9208422307215101,1,0.8416844614430201
2025-08-01 20:18:03.383,0.919372968483964,1,0.838745936967928
2025-08-06 14:58:38.029,0.8839645927911762,1,0.7679291855823525
2025-08-08 06:03:37.207,0.8740287472831592,1,0.7480574945663183
2025-08-08 15:59:34.318,0.8625291410145255,1,0.725058282029051
2025-08-08 22:22:31.415,0.8712018487778835,1,0.7424036975557671
2025-08-11 01:33:25.439,0.9057550391686134,1,0.8115100783372269
2025-08-12 02:38:42.607,0.8566357338449171,1,0.7132714676898342
2025-08-12 10:02:50.044,0.8644991985042163,1,0.7289983970084326
2025-08-12 13:17:19.310,0.9025820204127103,1,0.8051640408254206
2025-08-12 20:54:03.621,0.8627266479379432,1,0.7254532958758864
2025-08-13 10:21:42.064,0.8744230997749826,1,0.7488461995499651
2025-08-13 13:50:57.327,0.8924128827138289,1,0.7848257654276578
2025-08-13 14:52:20.338,0.8601200445569863,1,0.7202400891139726
2025-08-13 19:21:02.465,0.9140640687331036,1,0.8281281374662073
2025-08-14 02:20:37.774,0.8843097414183604,1,0.7686194828367208
2025-08-14 14:44:00.744,0.8797204488032985,1,0.7594408976065969
2025-08-14 19:22:54.172,0.9178375585478549,1,0.8356751170957097
2025-08-18 15:49:44.078,0.880118995121601,1,0.7602379902432019
2025-08-19 01:55:09.209,0.8813929533307931,1,0.7627859066615863
2025-08-19 05:03:54.587,0.8722576860490091,1,0.7445153720980182
2025-08-19 13:30:54.823,0.8828673463008075,1,0.7657346926016151
2025-08-19 13:49:05.374,0.8872196018268254,1,0.7744392036536507
2025-08-19 14:49:22.593,0.9059230517992171,1,0.8118461035984341
2025-08-19 18:49:57.576,0.9206018749001289,1,0.8412037498002578
2025-08-20 13:46:37.772,0.8611118476982792,1,0.7222236953965584
2025-08-21 01:55:28.327,0.8716658658360125,1,0.7433317316720249
2025-08-21 17:05:05.843,0.8839458287415797,1,0.7678916574831594
2025-08-22 02:14:10.029,0.868781650159287,1,0.737563300318574
2025-08-22 14:00:28.409,0.8589504401380507,1,0.7179008802761013
2025-08-24 14:03:16.052,0.8633738577365871,1,0.7267477154731743
2025-08-24 19:34:25.715,0.8824616499924572,1,0.7649232999849145
2025-08-26 18:43:37.714,0.895239616301507,1,0.7904792326030139
2025-08-27 07:40:16.644,0.8838829949997153,1,0.7677659899994307
2025-08-27 14:20:32.048,0.8932037465640438,1,0.7864074931280876
2025-08-27 22:05:18.854,0.8201843465474429,1,0.6403686930948858
2025-08-28 19:52:44.875,0.8316428775410051,1,0.6632857550820102
2025-08-29 14:10:21.730,0.8679760443600002,1,0.7359520887200004
2025-09-01 21:29:59.535,0.8480936260963255,1,0.6961872521926511
2025-09-04 02:34:00.366,0.856369616561967,1,0.712739233123934
2025-09-08 08:54:29.119,0.8720963099878273,1,0.7441926199756546
2025-09-08 14:34:54.653,0.9064171014388561,1,0.8128342028777122
2025-09-10 06:44:04.422,0.8855160486515913,1,0.7710320973031826
2025-09-11 04:03:20.475,0.8853931092681883,1,0.7707862185363765
2025-09-11 12:30:22.711,0.8708252074973373,1,0.7416504149946745
2025-09-11 22:20:58.257,0.8813037191753871,1,0.7626074383507742
2025-09-12 03:34:46.772,0.8708120821263605,1,0.741624164252721
2025-09-12 12:08:19.453,0.8741999330272436,1,0.7483998660544873
2025-09-17 22:29:48.847,0.8771609442447115,1,0.7543218884894229
2025-09-18 03:07:19.172,0.893551059899991,1,0.7871021197999819
2025-09-18 18:15:27.029,0.8877549133528488,1,0.7755098267056977
2025-09-18 22:54:30.706,0.8778315576632126,1,0.7556631153264253
2025-09-19 12:27:37.694,0.8557799454857178,1,0.7115598909714356
2025-09-21 09:33:45.027,0.8479540282319374,1,0.6959080564638749
2025-09-22 02:33:30.093,0.8485669797059747,1,0.6971339594119494
2025-09-23 03:43:44.674,0.9129913250798687,1,0.8259826501597374
2025-09-23 08:01:33.903,0.8915586271921704,1,0.7831172543843408
2025-09-23 17:39:43.242,0.8898332356359074,1,0.7796664712718149
2025-09-24 01:56:51.983,0.8921003953505064,1,0.7842007907010129
2025-09-24 03:59:52.843,0.8896642186876181,1,0.7793284373752363
2025-09-24 14:47:24.885,0.9064218901399345,1,0.8128437802798689
2025-09-25 13:04:42.052,0.900539327168209,1,0.8010786543364179
2025-09-25 13:45:15.763,0.8913675325025641,1,0.7827350650051281
2025-09-28 20:40:28.108,0.90862562281215,1,0.8172512456243
2025-09-29 13:42:58.705,0.917962390878225,1,0.8359247817564499
2025-10-01 14:45:22.889,0.8872130552886154,1,0.7744261105772308
2025-10-03 15:24:05.832,0.89524153534867,1,0.79048307069734
2025-10-03 16:28:13.683,0.9046689845213581,1,0.8093379690427163
2025-10-07 02:21:22.034,0.8736496029984857,1,0.7472992059969714
2025-10-07 15:39:48.513,0.9213751507708421,1,0.8427503015416842
2025-10-12 12:08:22.877,0.8728390387638607,1,0.7456780775277214
2025-10-13 13:59:15.511,0.8945839336019351,1,0.7891678672038702
2025-10-14 15:53:21.679,0.8664512920369083,1,0.7329025840738166
2025-10-15 04:14:18.585,0.8921096809657755,1,0.784219361931551
2025-10-16 03:22:25.378,0.872912230360668,1,0.745824460721336
2025-10-16 09:39:58.518,0.8408135876017703,1,0.6816271752035405
2025-10-16 09:49:21.099,0.8482933868499059,1,0.6965867736998117
2025-10-19 17:12:28.038,0.889226068664652,1,0.7784521373293041
2025-10-20 00:18:13.163,0.8724541148746189,1,0.7449082297492378
2025-10-22 13:58:07.141,0.8733406171502497,1,0.7466812343004994
2025-10-26 22:03:49.278,0.8954749952895383,1,0.7909499905790767
2025-10-27 06:45:25.447,0.879983507478888,1,0.759967014957776
2025-10-28 19:19:42.127,0.8740895266819823,1,0.7481790533639645
2025-10-29 13:32:54.952,0.8861317254674773,1,0.7722634509349546
2025-10-29 20:37:02.607,0.9119250685480305,1,0.8238501370960609
2025-10-30 05:46:48.718,0.8904838440064465,1,0.7809676880128931
2025-10-30 19:18:00.530,0.8814797641350978,1,0.7629595282701955
2025-10-31 12:03:38.043,0.8632410366471304,1,0.7264820732942607
2025-11-04 20:41:09.308,0.884069904295256,1,0.768139808590512
2025-11-04 22:08:50.870,0.9010172406639717,1,0.8020344813279434
2025-11-05 13:45:55.256,0.8771628123483433,1,0.7543256246966865
2025-11-05 17:19:35.542,0.8976616024024595,1,0.795323204804919
2025-11-06 01:22:49.822,0.8959587744404615,1,0.7919175488809229
2025-11-07 06:23:47.607,0.8851068380315666,1,0.7702136760631333
2025-11-07 16:34:42.225,0.9048574492838957,1,0.8097148985677913
2025-11-10 00:36:23.535,0.8560706662553135,1,0.712141332510627
2025-11-11 14:49:08.658,0.9120477797837256,1,0.8240955595674513
2025-11-11 21:21:33.413,0.9085385541083115,1,0.817077108216623
2025-11-12 08:35:11.788,0.9052161642741947,1,0.8104323285483894
2025-11-12 11:24:15.626,0.8867884809365079,1,0.7735769618730157
2025-11-13 13:29:38.751,0.8755361937516328,1,0.7510723875032657
2025-11-13 14:56:08.907,0.9070992133563509,1,0.8141984267127018
2025-11-14 07:01:07.958,0.9036495678821288,1,0.8072991357642576
2025-11-14 11:19:35.081,0.8731078989540562,1,0.7462157979081123
2025-11-14 14:45:54.305,0.8901168639723067,1,0.7802337279446134
2025-11-14 17:51:36.874,0.8416822598246461,1,0.6833645196492921
2025-11-15 20:43:40.311,0.8256935206532273,1,0.6513870413064546
2025-11-17 00:27:16.490,0.8598807998949314,1,0.7197615997898628
2025-11-17 17:44:35.638,0.9159258792206693,1,0.8318517584413385
2025-11-17 21:22:32.095,0.908784116428055,1,0.81756823285611
2025-11-18 02:17:55.891,0.8906291778530042,1,0.7812583557060084
2025-11-18 15:22:56.314,0.8627113326418,1,0.7254226652836
2025-11-19 00:22:16.041,0.867122428786894,1,0.7342448575737881
2025-11-19 15:39:40.077,0.8555885518109001,1,0.7111771036218002
2025-11-21 07:37:03.770,0.8309020994249481,1,0.6618041988498962
2025-11-22 23:03:31.249,0.8512797065758935,1,0.7025594131517869
2025-11-23 04:20:57.123,0.8334975295389102,1,0.6669950590778204
2025-11-24 16:02:36.353,0.8649494047462992,1,0.7298988094925984
2025-11-25 07:55:25.366,0.889280237760378,1,0.778560475520756
2025-11-25 23:10:14.737,0.8940392406017011,1,0.7880784812034023
2025-11-26 12:29:14.935,0.8849087130491354,1,0.7698174260982709
2025-11-28 14:30:32.933,0.9111841307346964,1,0.8223682614693928
2025-11-28 16:21:41.616,0.8944650266631953,1,0.7889300533263905
2025-12-02 13:36:55.042,0.8877731691132542,1,0.7755463382265084
2025-12-03 05:49:14.037,0.8563415248741924,1,0.7126830497483847
2025-12-04 11:33:23.029,0.8926047638581646,1,0.7852095277163291
2025-12-04 19:18:04.186,0.9031241348991487,1,0.8062482697982973
2025-12-05 14:42:53.604,0.9137222548892067,1,0.8274445097784133
2025-12-05 20:28:37.346,0.9135845183141237,1,0.8271690366282474
2025-12-07 13:22:53.492,0.8475074316005543,1,0.6950148632011086
2025-12-07 15:09:47.034,0.8878677889488719,1,0.7757355778977437
2025-12-07 17:19:36.347,0.8620396707596348,1,0.7240793415192697
2025-12-09 15:41:17.605,0.8714251348009617,1,0.7428502696019235
2025-12-10 19:17:16.240,0.8789989942414166,1,0.7579979884828332
2025-12-11 18:19:10.413,0.9104835695399813,1,0.8209671390799627
2025-12-12 15:09:07.216,0.904934878027291,1,0.809869756054582
2025-12-14 16:52:04.303,0.89402828086197,1,0.7880565617239399
2025-12-14 22:39:50.041,0.9124554560603596,1,0.8249109121207192
2025-12-15 00:26:30.169,0.9009359943245471,1,0.8018719886490941
2025-12-15 19:01:35.404,0.9072283036897159,1,0.8144566073794317
2025-12-16 10:39:23.057,0.895716755376784,1,0.7914335107535679
2025-12-16 15:53:40.158,0.8915881118542852,1,0.7831762237085704
2025-12-17 13:51:58.740,0.8868834147982257,1,0.7737668295964515
2025-12-17 14:52:58.083,0.8945826587542585,1,0.7891653175085169
2025-12-19 02:48:25.859,0.9003213028565776,1,0.8006426057131553
2025-12-19 17:31:04.817,0.8972311072768343,1,0.7944622145536686
2025-12-21 08:45:08.760,0.8741824235796799,1,0.7483648471593598
2025-12-22 17:14:31.971,0.8584324895924246,1,0.7168649791848491
2025-12-24 03:03:32.090,0.8540865018548582,1,0.7081730037097165
2025-12-24 20:48:50.009,0.8814582262349318,1,0.7629164524698635
2025-12-29 00:36:44.438,0.8712925188382218,1,0.7425850376764436
2025-12-30 14:54:04.723,0.898364454009852,1,0.796728908019704
2025-12-30 17:47:17.928,0.8826879525623501,1,0.7653759051247002
2026-01-02 16:18:43.448,0.8978969648849375,1,0.7957939297698751
2026-01-03 21:16:54.482,0.8617838108733652,1,0.7235676217467304
2026-01-04 00:05:33.322,0.8976582415016606,1,0.7953164830033213
2026-01-05 16:20:35.056,0.8997583922588976,1,0.7995167845177953
2026-01-06 03:14:04.861,0.9160001298313231,1,0.8320002596626461
2026-01-06 14:17:22.639,0.9247468968179804,1,0.8494937936359608
2026-01-06 15:46:14.636,0.9168029394743725,1,0.833605878948745
2026-01-08 14:22:58.262,0.9016716255537148,1,0.8033432511074297
2026-01-08 17:11:06.442,0.916309725882063,1,0.8326194517641261
2026-01-12 15:30:20.903,0.8707471540448255,1,0.741494308089651
2026-01-13 14:01:51.053,0.8869797644705684,1,0.7739595289411367
2026-01-13 19:34:38.197,0.8823655007781718,1,0.7647310015563435
2026-01-13 22:10:24.078,0.8959218598822204,1,0.7918437197644408
2026-01-13 22:14:21.673,0.8645984649320031,1,0.7291969298640062
2026-01-14 16:47:33.787,0.8836396918528105,1,0.7672793837056211
2026-01-15 02:36:23.177,0.8812962310785292,1,0.7625924621570583
2026-01-15 09:40:21.858,0.8650770382960034,1,0.7301540765920067
2026-01-16 15:23:08.536,0.8896724693037232,1,0.7793449386074465
2026-01-18 23:23:03.041,0.8883274346378474,1,0.7766548692756947
2026-01-20 06:17:50.114,0.9231034486934412,1,0.8462068973868824
2026-01-20 15:07:08.806,0.9230948759806917,1,0.8461897519613835
2026-01-20 22:33:36.169,0.9111675361998884,1,0.8223350723997769
2026-01-22 20:08:52.862,0.8359132025377912,1,0.6718264050755824
2026-01-23 14:39:58.038,0.8487896592602303,1,0.6975793185204606
2026-01-23 15:49:33.826,0.8387225574665865,1,0.677445114933173
2026-01-26 14:31:20.036,0.9025850392818504,1,0.8051700785637008
2026-01-26 15:11:24.527,0.9009708697994812,1,0.8019417395989623
2026-01-27 02:53:35.672,0.886313364625996,1,0.7726267292519919
2026-01-27 15:02:48.343,0.8690298638661296,1,0.7380597277322591
2026-01-27 16:47:06.763,0.8693290334920768,1,0.7386580669841536
2026-01-27 17:19:09.692,0.89329966570191,1,0.78659933140382
2026-01-28 21:14:16.932,0.8545804081211302,1,0.7091608162422605
2026-01-29 21:48:24.312,0.8899340534993578,1,0.7798681069987157
