feature1,feature2,correlation
high,vwap,0.9999805810554925
low,vwap,0.9999781834911737
close,vwap,0.9999356355700985
open,vwap,0.9999314265833242
high,low,0.9999276841040959
open,high,0.9999241482097874
high,close,0.9999194715460407
open,low,0.9999185216051079
low,close,0.9999151497710176
ema_short,ema_long,0.999867912689082
high,ema_short,0.999804946577109
vwap,ema_short,0.999797641801261
open,close,0.9997716235349188
open,ema_short,0.9997714262775503
low,ema_short,0.9997499156902755
close,ema_short,0.9997178941392509
high,ema_long,0.9994744031291446
vwap,ema_long,0.9994464361359238
open,ema_long,0.9994136444878199
low,ema_long,0.99936896442668
close,ema_long,0.9993687295090797
vol_ewm_50,vol_ewm_100,0.971471061185843
log_dist_ema_long,rsi_14,0.9425532717109496
vol_bb_pct_b_20,mom_stoch_k_14,0.9371327906807755
log_dist_ema_short,log_dist_ema_long,0.9285933125858039
close,ffd_log_price,0.9152737346760775
vwap,ffd_log_price,0.9126442368987617
low,ffd_log_price,0.9126248487203212
high,ffd_log_price,0.9126213907683015
open,ffd_log_price,0.9099457144838383
ema_short,ffd_log_price,0.9080204352344033
ema_long,ffd_log_price,0.9048156713323753
vol_bb_pct_b_20,rsi_14,0.8997043789835621
log_dist_ema_short,mom_roc_10,0.8753548762276152
vol_bb_pct_b_20,log_dist_ema_short,0.8753345343845822
log_dist_ema_short,rsi_14,0.8716690025113558
log_dist_ema_long,mom_roc_10,0.8678771837750402
vol_ewm_10,vol_ewm_50,0.8630691237643197
log_dist_ema_short,mom_stoch_k_14,0.8566110557970728
vol_bb_pct_b_20,log_dist_ema_long,0.8411313634915307
rsi_14,mom_stoch_k_14,0.8373227927149666
rsi_14,mom_roc_10,0.8075499602802764
vol_bb_pct_b_20,mom_roc_10,0.8001658137250217
log_dist_ema_long,mom_stoch_k_14,0.7814362690533478
mom_roc_10,mom_stoch_k_14,0.7808267826573809
vol_ewm_10,vol_ewm_100,0.7695886989307346
low,median_trade_size,0.7638309040239163
close,median_trade_size,0.763546466975047
median_trade_size,ema_long,0.7634891622165663
vwap,median_trade_size,0.7634287864903071
median_trade_size,ema_short,0.7631996103087118
open,median_trade_size,0.7631990850250644
high,median_trade_size,0.7630962572470846
log_dist_ema_long,ema_diff,0.7630690617297112
low,volume,0.7409558905249838
volume,vwap,0.7400154492685022
close,volume,0.7400130678390824
open,volume,0.7399671706009794
volume,ema_short,0.7396416899605123
volume,ema_long,0.7391903103549069
high,volume,0.739164016721775
ema_diff,rsi_14,0.732139238506096
trades,vol_ewm_100,0.7256644511823321
median_trade_size,ffd_log_price,0.7206232091833893
volume,median_trade_size,0.7061032556571673
vol_atr_14,ema_long,0.7053457845456846
volume,ffd_log_price,0.7037650717309712
high,vol_atr_14,0.7032146150423243
vol_atr_14,ema_short,0.7023064604418363
close,vol_atr_14,0.7004384724523808
vwap,vol_atr_14,0.7003058650542159
open,vol_atr_14,0.7002628060960454
